"CDOM.x1"	"CDOM.x2"	"CDOM.mid"	"ASV.dist"
0.58	0.77	0.675	0.934137316809441
0.58	1	0.79	0.953455023808617
0.58	1.13	0.855	0.906468927448292
0.58	0.93	0.755	0.932580515246719
0.58	0.96	0.77	0.901483570472039
0.58	1.63	1.105	0.912638747980538
0.58	2.78	1.68	0.887504121756294
0.58	0.74	0.66	0.908240357434346
0.58	2.12	1.35	0.892019480439463
0.58	2.41	1.495	0.943789307717935
0.58	0.69	0.635	0.917579576540009
0.58	1.84	1.21	0.909705664515261
0.58	2.87	1.725	0.928253225498359
0.58	0.63	0.605	0.966884083489534
0.21	0.58	0.395	0.882346279637426
0.58	1.56	1.07	0.947118402534956
0.58	0.76	0.67	0.897865627417414
0.39	0.58	0.485	0.868719071225722
0.58	1.1	0.84	0.910138480734967
0.58	1.84	1.21	0.878106465476678
0.58	1.14	0.86	0.969552733939934
0.58	3.83	2.205	0.920827907270148
0.49	0.58	0.535	0.877776353790818
0.58	1.96	1.27	0.849507616106323
0.58	1.41	0.995	0.924567431427489
0.58	1.5	1.04	0.850569148991047
0.58	1.65	1.115	0.857130220054282
0.58	1.49	1.035	0.885213709067437
0.58	0.72	0.65	0.891196148830288
0.58	1.02	0.8	0.880905860853226
0.58	0.92	0.75	0.910549297364785
0.58	1.12	0.85	0.868968641695539
0.58	1.65	1.115	0.90601530391812
0.58	1.34	0.96	0.883078114179131
0.58	1.01	0.795	0.891986067764928
0.58	3.66	2.12	0.89096100748332
0.58	2.64	1.61	0.871848919275546
0.58	2.08	1.33	0.869056715783335
0.58	1.11	0.845	0.874703708787943
0.58	0.98	0.78	0.902188978419119
0.58	0.88	0.73	0.870519791246264
0.51	0.58	0.545	0.903195277939229
0.43	0.58	0.505	0.871757977877909
0.58	1.02	0.8	0.950718415910474
0.58	1.66	1.12	0.897437642159783
0.58	0.66	0.62	0.872944656846365
0.57	0.58	0.575	0.928068236051486
0.58	2.01	1.295	0.91552068186785
0.58	1.45	1.015	0.879804155540106
0.58	1.23	0.905	0.935536956278206
0.58	1.26	0.92	0.946127473832799
0.58	2.07	1.325	0.864467927499781
0.58	1.24	0.91	0.918029342067956
0.44	0.58	0.51	0.942954442671359
0.58	0.67	0.625	0.927844216227619
0.58	0.72	0.65	0.955895309800207
0.58	0.59	0.585	0.945518920892931
0.25	0.58	0.415	0.920206696374177
0.43	0.58	0.505	0.932062910030903
0.46	0.58	0.52	0.922223090381799
0.48	0.58	0.53	0.958364004837877
0.4	0.58	0.49	0.965629971471212
0.58	1.48	1.03	0.955342060734846
0.58	1.21	0.895	0.950665332566874
0.58	1.33	0.955	0.943447373543666
0.58	0.7	0.64	0.896866646511029
0.58	0.59	0.585	0.886767337953575
0.58	1.34	0.96	0.950603894496724
0.22	0.58	0.4	0.939030637915434
0.77	1	0.885	0.904193860630114
0.77	1.13	0.95	0.910403630541701
0.77	0.93	0.85	0.872172938909322
0.77	0.96	0.865	0.931889148067414
0.77	1.63	1.2	0.948651003413258
0.77	2.78	1.775	0.92571895107507
0.74	0.77	0.755	0.92809986047254
0.77	2.12	1.445	0.921973991585697
0.77	2.41	1.59	0.854992938245481
0.69	0.77	0.73	0.931340827870487
0.77	1.84	1.305	0.939369838809149
0.77	2.87	1.82	0.919769435848446
0.63	0.77	0.7	0.980002570504042
0.21	0.77	0.49	0.921806994376491
0.77	1.56	1.165	0.968982365567508
0.76	0.77	0.765	0.876121235481559
0.39	0.77	0.58	0.914238308528814
0.77	1.1	0.935	0.953899018667907
0.77	1.84	1.305	0.929442820165878
0.77	1.14	0.955	0.983956476338674
0.77	3.83	2.3	0.925517515816897
0.49	0.77	0.63	0.905260912830815
0.77	1.96	1.365	0.908443107729156
0.77	1.41	1.09	0.918077366706085
0.77	1.5	1.135	0.918249856545406
0.77	1.65	1.21	0.912282344410259
0.77	1.49	1.13	0.933759091937542
0.72	0.77	0.745	0.935234769136312
0.77	1.02	0.895	0.910456144107404
0.77	0.92	0.845	0.906448073503814
0.77	1.12	0.945	0.937450348925061
0.77	1.65	1.21	0.891164165475684
0.77	1.34	1.055	0.88800062852164
0.77	1.01	0.89	0.919259134423438
0.77	3.66	2.215	0.928925622932683
0.77	2.64	1.705	0.932908976918713
0.77	2.08	1.425	0.926913794737093
0.77	1.11	0.94	0.854691591319764
0.77	0.98	0.875	0.920421311705837
0.77	0.88	0.825	0.927180185102859
0.51	0.77	0.64	0.916971564496138
0.43	0.77	0.6	0.933213334189332
0.77	1.02	0.895	0.927958360402268
0.77	1.66	1.215	0.908721580607435
0.66	0.77	0.715	0.890630456428509
0.57	0.77	0.67	0.957081250470509
0.77	2.01	1.39	0.950001121329891
0.77	1.45	1.11	0.87377414385599
0.77	1.23	1	0.852934917241952
0.77	1.26	1.015	0.869157520761429
0.77	2.07	1.42	0.934830707503139
0.77	1.24	1.005	0.916596632329188
0.44	0.77	0.605	0.934454173832764
0.67	0.77	0.72	0.873332503561087
0.72	0.77	0.745	0.945588692266945
0.59	0.77	0.68	0.925020001667375
0.25	0.77	0.51	0.953954248274573
0.43	0.77	0.6	0.954632859964211
0.46	0.77	0.615	0.973643204695396
0.48	0.77	0.625	0.979616841532273
0.4	0.77	0.585	0.947035776018583
0.77	1.48	1.125	0.944268415556658
0.77	1.21	0.99	0.978570416062432
0.77	1.33	1.05	0.902420504294772
0.7	0.77	0.735	0.939369445772858
0.59	0.77	0.68	0.928374358469006
0.77	1.34	1.055	0.831074772951251
0.22	0.77	0.495	0.894072594062427
1	1.13	1.065	0.925560430470787
0.93	1	0.965	0.884730295309968
0.96	1	0.98	0.954357891239095
1	1.63	1.315	0.947590152257793
1	2.78	1.89	0.956771222591854
0.74	1	0.87	0.936044026532873
1	2.12	1.56	0.920190208066244
1	2.41	1.705	0.891372157210831
0.69	1	0.845	0.925823670431506
1	1.84	1.42	0.945259706395348
1	2.87	1.935	0.946977479633307
0.63	1	0.815	0.98508947811351
0.21	1	0.605	0.927251589465656
1	1.56	1.28	0.98026629282802
0.76	1	0.88	0.891765257698229
0.39	1	0.695	0.917703008359943
1	1.1	1.05	0.953214744589775
1	1.84	1.42	0.92939751363333
1	1.14	1.07	0.982201084938782
1	3.83	2.415	0.94829382551759
0.49	1	0.745	0.895482696445229
1	1.96	1.48	0.927296942943974
1	1.41	1.205	0.887377681490195
1	1.5	1.25	0.930685976683262
1	1.65	1.325	0.929082856898976
1	1.49	1.245	0.944147200485941
0.72	1	0.86	0.935853178876506
1	1.02	1.01	0.933768081610759
0.92	1	0.96	0.874624156242538
1	1.12	1.06	0.935423217745745
1	1.65	1.325	0.897024630616472
1	1.34	1.17	0.882820386136538
1	1.01	1.005	0.929399883858785
1	3.66	2.33	0.927443387150919
1	2.64	1.82	0.938082808395305
1	2.08	1.54	0.934948581850015
1	1.11	1.055	0.92355117446554
0.98	1	0.99	0.9520283768266
0.88	1	0.94	0.938205473932736
0.51	1	0.755	0.947600098042524
0.43	1	0.715	0.944702057641071
1	1.02	1.01	0.937808944076904
1	1.66	1.33	0.930565508642973
0.66	1	0.83	0.927695190716501
0.57	1	0.785	0.951817730762605
1	2.01	1.505	0.951537724868244
1	1.45	1.225	0.910912418973256
1	1.23	1.115	0.858659178749786
1	1.26	1.13	0.867336533909575
1	2.07	1.535	0.951659539434104
1	1.24	1.12	0.919603417245452
0.44	1	0.72	0.942741651190597
0.67	1	0.835	0.902068398250015
0.72	1	0.86	0.948740983400308
0.59	1	0.795	0.946780841095306
0.25	1	0.625	0.964217861494126
0.43	1	0.715	0.965881350675211
0.46	1	0.73	0.978362160806738
0.48	1	0.74	0.986716248999333
0.4	1	0.7	0.957063475213581
1	1.48	1.24	0.947880643550208
1	1.21	1.105	0.980839394030142
1	1.33	1.165	0.927592767005041
0.7	1	0.85	0.948080415971965
0.59	1	0.795	0.930450000939764
1	1.34	1.17	0.876127872662649
0.22	1	0.61	0.944515664020599
0.93	1.13	1.03	0.92604345268683
0.96	1.13	1.045	0.860693427298391
1.13	1.63	1.38	0.868490126372336
1.13	2.78	1.955	0.943144022057012
0.74	1.13	0.935	0.811816043142133
1.13	2.12	1.625	0.874733525809222
1.13	2.41	1.77	0.950934254313974
0.69	1.13	0.91	0.868673610091216
1.13	1.84	1.485	0.850808505929141
1.13	2.87	2	0.922157963546556
0.63	1.13	0.88	0.947320445470712
0.21	1.13	0.67	0.908802252185556
1.13	1.56	1.345	0.935038202500425
0.76	1.13	0.945	0.90726017236504
0.39	1.13	0.76	0.897537185591195
1.1	1.13	1.115	0.916709679344332
1.13	1.84	1.485	0.868440703683133
1.13	1.14	1.135	0.950143717121772
1.13	3.83	2.48	0.881792851529392
0.49	1.13	0.81	0.882925161432955
1.13	1.96	1.545	0.90428309528309
1.13	1.41	1.27	0.934777338564138
1.13	1.5	1.315	0.904308237121891
1.13	1.65	1.39	0.906908916503627
1.13	1.49	1.31	0.932825890183283
0.72	1.13	0.925	0.890563479000689
1.02	1.13	1.075	0.923585242396111
0.92	1.13	1.025	0.912476119574727
1.12	1.13	1.125	0.899254840753893
1.13	1.65	1.39	0.901200356444062
1.13	1.34	1.235	0.918240007573332
1.01	1.13	1.07	0.842812527106221
1.13	3.66	2.395	0.892913449231451
1.13	2.64	1.885	0.883275061276168
1.13	2.08	1.605	0.867911447205596
1.11	1.13	1.12	0.898417911428039
0.98	1.13	1.055	0.887137006920787
0.88	1.13	1.005	0.924290043582331
0.51	1.13	0.82	0.932114586779155
0.43	1.13	0.78	0.910984937083794
1.02	1.13	1.075	0.919516700573731
1.13	1.66	1.395	0.854947947691848
0.66	1.13	0.895	0.856796724025335
0.57	1.13	0.85	0.868784863007504
1.13	2.01	1.57	0.906117482642816
1.13	1.45	1.29	0.870242600157758
1.13	1.23	1.18	0.883526936286957
1.13	1.26	1.195	0.894548142823467
1.13	2.07	1.6	0.901837555753592
1.13	1.24	1.185	0.885128291824522
0.44	1.13	0.785	0.94353342465594
0.67	1.13	0.9	0.892637400978082
0.72	1.13	0.925	0.949073905206199
0.59	1.13	0.86	0.928829946016663
0.25	1.13	0.69	0.903108149815804
0.43	1.13	0.78	0.908492761056649
0.46	1.13	0.795	0.93002551916511
0.48	1.13	0.805	0.95390815780672
0.4	1.13	0.765	0.982523165315937
1.13	1.48	1.305	0.946591304042531
1.13	1.21	1.17	0.940004523808337
1.13	1.33	1.23	0.929064852675767
0.7	1.13	0.915	0.91210885617264
0.59	1.13	0.86	0.940899026199587
1.13	1.34	1.235	0.949747366295192
0.22	1.13	0.675	0.9461477546127
0.93	0.96	0.945	0.936866113562712
0.93	1.63	1.28	0.943268927576913
0.93	2.78	1.855	0.938351044209484
0.74	0.93	0.835	0.943418192167341
0.93	2.12	1.525	0.901176769063653
0.93	2.41	1.67	0.896983861669056
0.69	0.93	0.81	0.912686479041557
0.93	1.84	1.385	0.936945732844318
0.93	2.87	1.9	0.916563341946879
0.63	0.93	0.78	0.977346587805952
0.21	0.93	0.57	0.916259929374303
0.93	1.56	1.245	0.959854156756277
0.76	0.93	0.845	0.848674390376204
0.39	0.93	0.66	0.890616657111853
0.93	1.1	1.015	0.947757833767945
0.93	1.84	1.385	0.89615737170337
0.93	1.14	1.035	0.984858378997165
0.93	3.83	2.38	0.91291953439884
0.49	0.93	0.71	0.872473569189957
0.93	1.96	1.445	0.905565304172647
0.93	1.41	1.17	0.87703562221019
0.93	1.5	1.215	0.907609592148168
0.93	1.65	1.29	0.903929605930734
0.93	1.49	1.21	0.921102444013992
0.72	0.93	0.825	0.919955615783075
0.93	1.02	0.975	0.922295377786829
0.92	0.93	0.925	0.864114114424704
0.93	1.12	1.025	0.916818748962641
0.93	1.65	1.29	0.881871507733706
0.93	1.34	1.135	0.859060653864696
0.93	1.01	0.97	0.910918078207959
0.93	3.66	2.295	0.914946676304127
0.93	2.64	1.785	0.913961770011525
0.93	2.08	1.505	0.918721577457235
0.93	1.11	1.02	0.891917094208363
0.93	0.98	0.955	0.936615693758952
0.88	0.93	0.905	0.920645880312102
0.51	0.93	0.72	0.913888714572031
0.43	0.93	0.68	0.919525274309214
0.93	1.02	0.975	0.928187821416872
0.93	1.66	1.295	0.902236868955478
0.66	0.93	0.795	0.894471510957834
0.57	0.93	0.75	0.955174543710355
0.93	2.01	1.47	0.947779648677406
0.93	1.45	1.19	0.862186485363769
0.93	1.23	1.08	0.854848752206527
0.93	1.26	1.095	0.870450846682843
0.93	2.07	1.5	0.926411519942653
0.93	1.24	1.085	0.908819741045263
0.44	0.93	0.685	0.920704435293825
0.67	0.93	0.8	0.890126465015599
0.72	0.93	0.825	0.935739332088715
0.59	0.93	0.76	0.915776711667874
0.25	0.93	0.59	0.957414132285336
0.43	0.93	0.68	0.958963162879548
0.46	0.93	0.695	0.976761491541792
0.48	0.93	0.705	0.976974462983384
0.4	0.93	0.665	0.962773103405631
0.93	1.48	1.205	0.950709804687191
0.93	1.21	1.07	0.976040776203257
0.93	1.33	1.13	0.920148398231099
0.7	0.93	0.815	0.921397276893279
0.59	0.93	0.76	0.927533625495297
0.93	1.34	1.135	0.89540246917158
0.22	0.93	0.575	0.930219948910228
0.96	1.63	1.295	0.912006363715874
0.96	2.78	1.87	0.929695811357322
0.74	0.96	0.85	0.894180104399227
0.96	2.12	1.54	0.916838111217116
0.96	2.41	1.685	0.953919494215947
0.69	0.96	0.825	0.915306573408607
0.96	1.84	1.4	0.903347097836429
0.96	2.87	1.915	0.927196591915786
0.63	0.96	0.795	0.941225510694379
0.21	0.96	0.585	0.924812774716126
0.96	1.56	1.26	0.942497780537477
0.76	0.96	0.86	0.918857862612151
0.39	0.96	0.675	0.911078197023738
0.96	1.1	1.03	0.916755896703679
0.96	1.84	1.4	0.906072869872017
0.96	1.14	1.05	0.96128126751995
0.96	3.83	2.395	0.911338673688213
0.49	0.96	0.725	0.907223828493629
0.96	1.96	1.46	0.902913606421758
0.96	1.41	1.185	0.930082183190265
0.96	1.5	1.23	0.919096332992935
0.96	1.65	1.305	0.907666707483068
0.96	1.49	1.225	0.930001662972295
0.72	0.96	0.84	0.911444810145658
0.96	1.02	0.99	0.926016823534617
0.92	0.96	0.94	0.930395370608908
0.96	1.12	1.04	0.909754571426061
0.96	1.65	1.305	0.894261693691624
0.96	1.34	1.15	0.908799975304232
0.96	1.01	0.985	0.899591919023956
0.96	3.66	2.31	0.91498876271257
0.96	2.64	1.8	0.905170109091356
0.96	2.08	1.52	0.916015638262776
0.96	1.11	1.035	0.907004800659179
0.96	0.98	0.97	0.872474065716935
0.88	0.96	0.92	0.923405204890681
0.51	0.96	0.735	0.917189774566444
0.43	0.96	0.695	0.913288912724278
0.96	1.02	0.99	0.928811085735188
0.96	1.66	1.31	0.88734010362959
0.66	0.96	0.81	0.865534378941484
0.57	0.96	0.765	0.905500012554931
0.96	2.01	1.485	0.904490981774591
0.96	1.45	1.205	0.886507304986785
0.96	1.23	1.095	0.923224698346974
0.96	1.26	1.11	0.934453098201988
0.96	2.07	1.515	0.902749734332403
0.96	1.24	1.1	0.914332892029038
0.44	0.96	0.7	0.947148202895137
0.67	0.96	0.815	0.910970574794325
0.72	0.96	0.84	0.948212594173212
0.59	0.96	0.775	0.932373102836989
0.25	0.96	0.605	0.932709965043126
0.43	0.96	0.695	0.929912941134408
0.46	0.96	0.71	0.908020399409831
0.48	0.96	0.72	0.941155699264086
0.4	0.96	0.68	0.969791629622294
0.96	1.48	1.22	0.938736977958626
0.96	1.21	1.085	0.920797533444061
0.96	1.33	1.145	0.93028901342
0.7	0.96	0.83	0.914096009484782
0.59	0.96	0.775	0.934412963465913
0.96	1.34	1.15	0.953255809451885
0.22	0.96	0.59	0.948429365881085
1.63	2.78	2.205	0.932464918077737
0.74	1.63	1.185	0.867947702634011
1.63	2.12	1.875	0.823922210151119
1.63	2.41	2.02	0.957513809137947
0.69	1.63	1.16	0.899754833590235
1.63	1.84	1.735	0.79946922668723
1.63	2.87	2.25	0.947905945591977
0.63	1.63	1.13	0.950578675347791
0.21	1.63	0.92	0.915075388880075
1.56	1.63	1.595	0.929629410834284
0.76	1.63	1.195	0.917285210968998
0.39	1.63	1.01	0.872109671232352
1.1	1.63	1.365	0.918011793206932
1.63	1.84	1.735	0.852429833666405
1.14	1.63	1.385	0.919662490294419
1.63	3.83	2.73	0.922070840632943
0.49	1.63	1.06	0.872783322326881
1.63	1.96	1.795	0.890775552287214
1.41	1.63	1.52	0.932873167825734
1.5	1.63	1.565	0.845063637239902
1.63	1.65	1.64	0.888183196374527
1.49	1.63	1.56	0.910809333921582
0.72	1.63	1.175	0.849805971068247
1.02	1.63	1.325	0.903623081959184
0.92	1.63	1.275	0.906496791351004
1.12	1.63	1.375	0.874125067845506
1.63	1.65	1.64	0.916448869056379
1.34	1.63	1.485	0.916346534630225
1.01	1.63	1.32	0.805748190978252
1.63	3.66	2.645	0.831129846088256
1.63	2.64	2.135	0.820913500906814
1.63	2.08	1.855	0.853910768756531
1.11	1.63	1.37	0.931134488232968
0.98	1.63	1.305	0.92871333708586
0.88	1.63	1.255	0.916082098270143
0.51	1.63	1.07	0.921867309343867
0.43	1.63	1.03	0.899058549079042
1.02	1.63	1.325	0.943552310409383
1.63	1.66	1.645	0.903790188639914
0.66	1.63	1.145	0.897432117365587
0.57	1.63	1.1	0.875627161771174
1.63	2.01	1.82	0.89425363678095
1.45	1.63	1.54	0.888201002880727
1.23	1.63	1.43	0.942556251032807
1.26	1.63	1.445	0.938760841041602
1.63	2.07	1.85	0.881084822521764
1.24	1.63	1.435	0.918409349325937
0.44	1.63	1.035	0.967601967417164
0.67	1.63	1.15	0.940364935905557
0.72	1.63	1.175	0.963502209553908
0.59	1.63	1.11	0.963970947187446
0.25	1.63	0.94	0.919450528792023
0.43	1.63	1.03	0.946755113170835
0.46	1.63	1.045	0.934143347742907
0.48	1.63	1.055	0.955983415301329
0.4	1.63	1.015	0.982542967157201
1.48	1.63	1.555	0.961259123112435
1.21	1.63	1.42	0.943172083753213
1.33	1.63	1.48	0.955648726935592
0.7	1.63	1.165	0.914204793321414
0.59	1.63	1.11	0.905530738946826
1.34	1.63	1.485	0.96445101703486
0.22	1.63	0.925	0.956453726833663
0.74	2.78	1.76	0.960265427283063
2.12	2.78	2.45	0.915293202294496
2.41	2.78	2.595	0.939274502083547
0.69	2.78	1.735	0.950927636578847
1.84	2.78	2.31	0.941613933012289
2.78	2.87	2.825	0.951557395464781
0.63	2.78	1.705	0.978116229281237
0.21	2.78	1.495	0.890951429524859
1.56	2.78	2.17	0.951511407339527
0.76	2.78	1.77	0.906453538186651
0.39	2.78	1.585	0.885420359970586
1.1	2.78	1.94	0.931892706534282
1.84	2.78	2.31	0.898252226674631
1.14	2.78	1.96	0.977778867835303
2.78	3.83	3.305	0.952282093087788
0.49	2.78	1.635	0.89670678873379
1.96	2.78	2.37	0.850819506423837
1.41	2.78	2.095	0.935380594282169
1.5	2.78	2.14	0.87034900709558
1.65	2.78	2.215	0.866503104431751
1.49	2.78	2.135	0.87662258026563
0.72	2.78	1.75	0.901977860288402
1.02	2.78	1.9	0.847778269351824
0.92	2.78	1.85	0.911888264490402
1.12	2.78	1.95	0.862982876876203
1.65	2.78	2.215	0.92032201270113
1.34	2.78	2.06	0.870206407955269
1.01	2.78	1.895	0.91057949900658
2.78	3.66	3.22	0.915831508260106
2.64	2.78	2.71	0.870817270670634
2.08	2.78	2.43	0.883319792272232
1.11	2.78	1.945	0.882284294150266
0.98	2.78	1.88	0.930367068608024
0.88	2.78	1.83	0.857069880821548
0.51	2.78	1.645	0.853174917122121
0.43	2.78	1.605	0.89721201673511
1.02	2.78	1.9	0.951543450599607
1.66	2.78	2.22	0.933624273437962
0.66	2.78	1.72	0.892912256647621
0.57	2.78	1.675	0.954524132697442
2.01	2.78	2.395	0.927304867213203
1.45	2.78	2.115	0.873890690014858
1.23	2.78	2.005	0.948557426178033
1.26	2.78	2.02	0.951430533017059
2.07	2.78	2.425	0.865059132470188
1.24	2.78	2.01	0.935577582669867
0.44	2.78	1.61	0.938554011504033
0.67	2.78	1.725	0.931633712405172
0.72	2.78	1.75	0.965953401884346
0.59	2.78	1.685	0.948109975496637
0.25	2.78	1.515	0.953786428917555
0.43	2.78	1.605	0.955095465049815
0.46	2.78	1.62	0.935017263891605
0.48	2.78	1.63	0.960577967629055
0.4	2.78	1.59	0.968626797213424
1.48	2.78	2.13	0.96589942905701
1.21	2.78	1.995	0.955863351937533
1.33	2.78	2.055	0.952964195569668
0.7	2.78	1.74	0.919700821266172
0.59	2.78	1.685	0.86127949000574
1.34	2.78	2.06	0.942528154874161
0.22	2.78	1.5	0.899778000765424
0.74	2.12	1.43	0.870817840322762
0.74	2.41	1.575	0.95435466868769
0.69	0.74	0.715	0.845774892579463
0.74	1.84	1.29	0.842635636605957
0.74	2.87	1.805	0.918265782330382
0.63	0.74	0.685	0.961211829411494
0.21	0.74	0.475	0.920908628296931
0.74	1.56	1.15	0.94929705369414
0.74	0.76	0.75	0.921554951832114
0.39	0.74	0.565	0.911661846577803
0.74	1.1	0.92	0.90673177108669
0.74	1.84	1.29	0.874252160599986
0.74	1.14	0.94	0.937084005609319
0.74	3.83	2.285	0.89939806961287
0.49	0.74	0.615	0.891331241052385
0.74	1.96	1.35	0.909943650623529
0.74	1.41	1.075	0.919454902217067
0.74	1.5	1.12	0.915216165523545
0.74	1.65	1.195	0.898979562696431
0.74	1.49	1.115	0.946629979548888
0.72	0.74	0.73	0.897516289195744
0.74	1.02	0.88	0.924505014208394
0.74	0.92	0.83	0.92385762271577
0.74	1.12	0.93	0.904361076001717
0.74	1.65	1.195	0.89248355715017
0.74	1.34	1.04	0.922114673576162
0.74	1.01	0.875	0.844881834901636
0.74	3.66	2.2	0.889380635228392
0.74	2.64	1.69	0.877519188883555
0.74	2.08	1.41	0.855661172372831
0.74	1.11	0.925	0.899743954828353
0.74	0.98	0.86	0.877832667836368
0.74	0.88	0.81	0.937912853416051
0.51	0.74	0.625	0.954058033407313
0.43	0.74	0.585	0.92420370426173
0.74	1.02	0.88	0.942291749047406
0.74	1.66	1.2	0.893970249241751
0.66	0.74	0.7	0.892090515118472
0.57	0.74	0.655	0.894491870174155
0.74	2.01	1.375	0.929271815133862
0.74	1.45	1.095	0.886549317346625
0.74	1.23	0.985	0.879429738991514
0.74	1.26	1	0.901613665529068
0.74	2.07	1.405	0.917225085499075
0.74	1.24	0.99	0.9128781557621
0.44	0.74	0.59	0.957116771640099
0.67	0.74	0.705	0.919565376828646
0.72	0.74	0.73	0.957579766518565
0.59	0.74	0.665	0.95070394051287
0.25	0.74	0.495	0.892268812398114
0.43	0.74	0.585	0.928952145798012
0.46	0.74	0.6	0.918792329047573
0.48	0.74	0.61	0.967649725009826
0.4	0.74	0.57	0.983332423429405
0.74	1.48	1.11	0.953509265352805
0.74	1.21	0.975	0.95167661047066
0.74	1.33	1.035	0.950152408725484
0.7	0.74	0.72	0.923581252091551
0.59	0.74	0.665	0.957753833319548
0.74	1.34	1.04	0.954333655225881
0.22	0.74	0.48	0.964665263701095
2.12	2.41	2.265	0.940390166525147
0.69	2.12	1.405	0.886073658720227
1.84	2.12	1.98	0.810013768689863
2.12	2.87	2.495	0.930763912377702
0.63	2.12	1.375	0.958906216999644
0.21	2.12	1.165	0.90355548678822
1.56	2.12	1.84	0.947615319081566
0.76	2.12	1.44	0.872115987663959
0.39	2.12	1.255	0.824808615354567
1.1	2.12	1.61	0.899820810043111
1.84	2.12	1.98	0.815992537700553
1.14	2.12	1.63	0.948240056965396
2.12	3.83	2.975	0.908344042237127
0.49	2.12	1.305	0.810851717740106
1.96	2.12	2.04	0.862879871946371
1.41	2.12	1.765	0.901908020902406
1.5	2.12	1.81	0.852584232449386
1.65	2.12	1.885	0.862084616542714
1.49	2.12	1.805	0.875423874805359
0.72	2.12	1.42	0.796097920458018
1.02	2.12	1.57	0.88270424663837
0.92	2.12	1.52	0.850678194896438
1.12	2.12	1.62	0.835946780291972
1.65	2.12	1.885	0.869254179069397
1.34	2.12	1.73	0.872577528409028
1.01	2.12	1.565	0.815563071486556
2.12	3.66	2.89	0.787214532087631
2.12	2.64	2.38	0.812682928721236
2.08	2.12	2.1	0.827043952275837
1.11	2.12	1.615	0.912824807835299
0.98	2.12	1.55	0.92106920311201
0.88	2.12	1.5	0.899285144297702
0.51	2.12	1.315	0.898518384795604
0.43	2.12	1.275	0.880416747451519
1.02	2.12	1.57	0.933151233669757
1.66	2.12	1.89	0.888179769784168
0.66	2.12	1.39	0.875760892481691
0.57	2.12	1.345	0.87199225577666
2.01	2.12	2.065	0.899623517634226
1.45	2.12	1.785	0.858616108681898
1.23	2.12	1.675	0.885918691203066
1.26	2.12	1.69	0.89992951886269
2.07	2.12	2.095	0.858962596744102
1.24	2.12	1.68	0.893642073721276
0.44	2.12	1.28	0.950822980381487
0.67	2.12	1.395	0.91659840624862
0.72	2.12	1.42	0.959851378240462
0.59	2.12	1.355	0.956941900484282
0.25	2.12	1.185	0.914883178815357
0.43	2.12	1.275	0.937396736252397
0.46	2.12	1.29	0.944729349013282
0.48	2.12	1.3	0.969072618165501
0.4	2.12	1.26	0.979040516583763
1.48	2.12	1.8	0.959480970349677
1.21	2.12	1.665	0.95297596393036
1.33	2.12	1.725	0.939919376389333
0.7	2.12	1.41	0.894793186379249
0.59	2.12	1.355	0.890897503451671
1.34	2.12	1.73	0.94276011930688
0.22	2.12	1.17	0.940527371608018
0.69	2.41	1.55	0.94640048709315
1.84	2.41	2.125	0.961060185771585
2.41	2.87	2.64	0.944262645238617
0.63	2.41	1.52	0.985624714469099
0.21	2.41	1.31	0.925739906798403
1.56	2.41	1.985	0.980928491890701
0.76	2.41	1.585	0.871732991188401
0.39	2.41	1.4	0.919087930165956
1.1	2.41	1.755	0.957446954527074
1.84	2.41	2.125	0.920591799068001
1.14	2.41	1.775	0.989840440421734
2.41	3.83	3.12	0.957196148675003
0.49	2.41	1.45	0.917783904508364
1.96	2.41	2.185	0.905845873125212
1.41	2.41	1.91	0.862289323601327
1.5	2.41	1.955	0.930231641360627
1.65	2.41	2.03	0.916703776591745
1.49	2.41	1.95	0.936564672491398
0.72	2.41	1.565	0.939555906630793
1.02	2.41	1.715	0.928149052745794
0.92	2.41	1.665	0.868254290041856
1.12	2.41	1.765	0.931461977430734
1.65	2.41	2.03	0.888945280745573
1.34	2.41	1.875	0.869496438057952
1.01	2.41	1.71	0.937677770990372
2.41	3.66	3.035	0.933156460514222
2.41	2.64	2.525	0.943678989707422
2.08	2.41	2.245	0.935088383359677
1.11	2.41	1.76	0.90696820691568
0.98	2.41	1.695	0.944801162073322
0.88	2.41	1.645	0.917178271621801
0.51	2.41	1.46	0.928445383461087
0.43	2.41	1.42	0.942498449822439
1.02	2.41	1.715	0.960442867774337
1.66	2.41	2.035	0.942903623831196
0.66	2.41	1.535	0.93203484788133
0.57	2.41	1.49	0.970089782132787
2.01	2.41	2.21	0.959257695343022
1.45	2.41	1.93	0.903225737809894
1.23	2.41	1.82	0.882246870638751
1.26	2.41	1.835	0.897240613253591
2.07	2.41	2.24	0.94624576709808
1.24	2.41	1.825	0.940674484138226
0.44	2.41	1.425	0.941066201828547
0.67	2.41	1.54	0.906242182861061
0.72	2.41	1.565	0.95648322071119
0.59	2.41	1.5	0.940520373297783
0.25	2.41	1.33	0.969983053675886
0.43	2.41	1.42	0.97054605527591
0.46	2.41	1.435	0.981909616546227
0.48	2.41	1.445	0.985558631170333
0.4	2.41	1.405	0.932445890587421
1.48	2.41	1.945	0.956214997982656
1.21	2.41	1.81	0.984427727815157
1.33	2.41	1.87	0.938808039022401
0.7	2.41	1.555	0.936412480967855
0.59	2.41	1.5	0.920082218212706
1.34	2.41	1.875	0.774723471805039
0.22	2.41	1.315	0.875199633984305
0.69	1.84	1.265	0.902756592082965
0.69	2.87	1.78	0.885571862611125
0.63	0.69	0.66	0.966583113686441
0.21	0.69	0.45	0.920384872564549
0.69	1.56	1.125	0.949436951678115
0.69	0.76	0.725	0.872165808537622
0.39	0.69	0.54	0.886827125094578
0.69	1.1	0.895	0.917025417843172
0.69	1.84	1.265	0.849076725874747
0.69	1.14	0.915	0.968150106731811
0.69	3.83	2.26	0.889851055836097
0.49	0.69	0.59	0.860141826483966
0.69	1.96	1.325	0.887042423166067
0.69	1.41	1.05	0.916873215921468
0.69	1.5	1.095	0.908053433887708
0.69	1.65	1.17	0.884894401141698
0.69	1.49	1.09	0.9234817149712
0.69	0.72	0.705	0.898452809650926
0.69	1.02	0.855	0.922403733703174
0.69	0.92	0.805	0.889473570307433
0.69	1.12	0.905	0.900621174677771
0.69	1.65	1.17	0.889254256001913
0.69	1.34	1.015	0.883366287440713
0.69	1.01	0.85	0.85020108309694
0.69	3.66	2.175	0.877829010788386
0.69	2.64	1.665	0.887418036179961
0.69	2.08	1.385	0.895471490775261
0.69	1.11	0.9	0.916887467054373
0.69	0.98	0.835	0.912808314763997
0.69	0.88	0.785	0.917732708353782
0.51	0.69	0.6	0.926859891720031
0.43	0.69	0.56	0.897515083753247
0.69	1.02	0.855	0.948006617589981
0.69	1.66	1.175	0.89424487461059
0.66	0.69	0.675	0.894772355431311
0.57	0.69	0.63	0.923196487678966
0.69	2.01	1.35	0.935105201454891
0.69	1.45	1.07	0.867446301336086
0.69	1.23	0.96	0.876666964838423
0.69	1.26	0.975	0.890978452527155
0.69	2.07	1.38	0.909463770151079
0.69	1.24	0.965	0.8993793067218
0.44	0.69	0.565	0.947174848650444
0.67	0.69	0.68	0.908660852021304
0.69	0.72	0.705	0.95387012732552
0.59	0.69	0.64	0.936973027744585
0.25	0.69	0.47	0.925030518807167
0.43	0.69	0.56	0.925842650591349
0.46	0.69	0.575	0.954721677840046
0.48	0.69	0.585	0.967106975989421
0.4	0.69	0.545	0.979430839809881
0.69	1.48	1.085	0.959120167158503
0.69	1.21	0.95	0.959713063447445
0.69	1.33	1.01	0.954975823359268
0.69	0.7	0.695	0.907493849942794
0.59	0.69	0.64	0.932047604695499
0.69	1.34	1.015	0.944677371837302
0.22	0.69	0.455	0.95621536697077
1.84	2.87	2.355	0.947415050440662
0.63	1.84	1.235	0.94868400382912
0.21	1.84	1.025	0.927549315425637
1.56	1.84	1.7	0.940554037895758
0.76	1.84	1.3	0.928565111065476
0.39	1.84	1.115	0.900830394937693
1.1	1.84	1.47	0.897433564540328
1.84	1.84	1.84	0.861548979917294
1.14	1.84	1.49	0.91137724350248
1.84	3.83	2.835	0.905162957860265
0.49	1.84	1.165	0.883805270288593
1.84	1.96	1.9	0.905901007455147
1.41	1.84	1.625	0.943325524134415
1.5	1.84	1.67	0.868998084620571
1.65	1.84	1.745	0.91362443274438
1.49	1.84	1.665	0.928836290857659
0.72	1.84	1.28	0.843457310516881
1.02	1.84	1.43	0.924705835398192
0.92	1.84	1.38	0.915576248449876
1.12	1.84	1.48	0.882084195568008
1.65	1.84	1.745	0.904806319501712
1.34	1.84	1.59	0.922749208949347
1.01	1.84	1.425	0.817395247849362
1.84	3.66	2.75	0.842283970763517
1.84	2.64	2.24	0.85498949695056
1.84	2.08	1.96	0.857666822803107
1.11	1.84	1.475	0.93460627527754
0.98	1.84	1.41	0.927932173814042
0.88	1.84	1.36	0.919285933669845
0.51	1.84	1.175	0.938600108194129
0.43	1.84	1.135	0.911287014316731
1.02	1.84	1.43	0.937029395599594
1.66	1.84	1.75	0.891295855421963
0.66	1.84	1.25	0.892355211170459
0.57	1.84	1.205	0.848474357799903
1.84	2.01	1.925	0.901804790770868
1.45	1.84	1.645	0.893564255476025
1.23	1.84	1.535	0.925246147735342
1.26	1.84	1.55	0.934951956447099
1.84	2.07	1.955	0.898429226379562
1.24	1.84	1.54	0.916896092962919
0.44	1.84	1.14	0.96588357445692
0.67	1.84	1.255	0.929822186593656
0.72	1.84	1.28	0.957086381506873
0.59	1.84	1.215	0.958756321528297
0.25	1.84	1.045	0.911085934858765
0.43	1.84	1.135	0.948648534395825
0.46	1.84	1.15	0.937181784434714
0.48	1.84	1.16	0.957113745022586
0.4	1.84	1.12	0.979814282523116
1.48	1.84	1.66	0.951165134959603
1.21	1.84	1.525	0.940741285819185
1.33	1.84	1.585	0.93904988403222
0.7	1.84	1.27	0.910436464506641
0.59	1.84	1.215	0.922288344615679
1.34	1.84	1.59	0.961758317679792
0.22	1.84	1.03	0.960343326017218
0.63	2.87	1.75	0.978231831829678
0.21	2.87	1.54	0.932432178980719
1.56	2.87	2.215	0.955642688373238
0.76	2.87	1.815	0.866287239982172
0.39	2.87	1.63	0.911794879881461
1.1	2.87	1.985	0.942163170807584
1.84	2.87	2.355	0.911241505903698
1.14	2.87	2.005	0.97895500365821
2.87	3.83	3.35	0.891172517932953
0.49	2.87	1.68	0.908037251865032
1.96	2.87	2.415	0.898839664335932
1.41	2.87	2.14	0.92631659543344
1.5	2.87	2.185	0.927022697117698
1.65	2.87	2.26	0.919354519184034
1.49	2.87	2.18	0.936629971644907
0.72	2.87	1.795	0.934034503092336
1.02	2.87	1.945	0.944078101140218
0.92	2.87	1.895	0.915909722985148
1.12	2.87	1.995	0.937535117085182
1.65	2.87	2.26	0.923313897267496
1.34	2.87	2.105	0.909051933890597
1.01	2.87	1.94	0.90988157644683
2.87	3.66	3.265	0.916954802065513
2.64	2.87	2.755	0.924973555416539
2.08	2.87	2.475	0.928069962210323
1.11	2.87	1.99	0.912377315494303
0.98	2.87	1.925	0.925548496475883
0.88	2.87	1.875	0.924804685552942
0.51	2.87	1.69	0.918388650998502
0.43	2.87	1.65	0.922872586541647
1.02	2.87	1.945	0.954715734080865
1.66	2.87	2.265	0.91135972742745
0.66	2.87	1.765	0.912068965710075
0.57	2.87	1.72	0.961055376474595
2.01	2.87	2.44	0.957650860575997
1.45	2.87	2.16	0.889281625284244
1.23	2.87	2.05	0.898306266918124
1.26	2.87	2.065	0.92260762947435
2.07	2.87	2.47	0.936114775989336
1.24	2.87	2.055	0.904916377237706
0.44	2.87	1.655	0.918525020685026
0.67	2.87	1.77	0.912889846362447
0.72	2.87	1.795	0.950161845157241
0.59	2.87	1.73	0.911196272090466
0.25	2.87	1.56	0.935266936665787
0.43	2.87	1.65	0.943615115146826
0.46	2.87	1.665	0.953822441221375
0.48	2.87	1.675	0.976097509948367
0.4	2.87	1.635	0.981478701368263
1.48	2.87	2.175	0.964873836559151
1.21	2.87	2.04	0.972190815680398
1.33	2.87	2.1	0.95704517000173
0.7	2.87	1.785	0.900945253942101
0.59	2.87	1.73	0.939612988917662
1.34	2.87	2.105	0.957339611319136
0.22	2.87	1.545	0.935038392587266
0.21	0.63	0.42	0.970449556912043
0.63	1.56	1.095	0.954340252411298
0.63	0.76	0.695	0.981275781886929
0.39	0.63	0.51	0.974695618783219
0.63	1.1	0.865	0.973536175096012
0.63	1.84	1.235	0.975965395186564
0.63	1.14	0.885	0.960173840520251
0.63	3.83	2.23	0.953125335530003
0.49	0.63	0.56	0.973518032909218
0.63	1.96	1.295	0.979588505672016
0.63	1.41	1.02	0.978283916723481
0.63	1.5	1.065	0.965972154038789
0.63	1.65	1.14	0.980161176776819
0.63	1.49	1.06	0.975484880436533
0.63	0.72	0.675	0.967999173751425
0.63	1.02	0.825	0.976957630493822
0.63	0.92	0.775	0.979896937047224
0.63	1.12	0.875	0.965277422709958
0.63	1.65	1.14	0.959385710890016
0.63	1.34	0.985	0.974084003469071
0.63	1.01	0.82	0.962422829469067
0.63	3.66	2.145	0.965470644296318
0.63	2.64	1.635	0.964519208159891
0.63	2.08	1.355	0.963452458273794
0.63	1.11	0.87	0.978435188733783
0.63	0.98	0.805	0.964617196580238
0.63	0.88	0.755	0.973775117567865
0.51	0.63	0.57	0.979459011932528
0.43	0.63	0.53	0.970088095599342
0.63	1.02	0.825	0.943001897391153
0.63	1.66	1.145	0.963464688791972
0.63	0.66	0.645	0.966252965977001
0.57	0.63	0.6	0.94296272342882
0.63	2.01	1.32	0.945491383112067
0.63	1.45	1.04	0.975265800837416
0.63	1.23	0.93	0.984101946068835
0.63	1.26	0.945	0.987893807620766
0.63	2.07	1.35	0.968426577776037
0.63	1.24	0.935	0.965461847126494
0.44	0.63	0.535	0.972693703396679
0.63	0.67	0.65	0.955235478269775
0.63	0.72	0.675	0.951030555471354
0.59	0.63	0.61	0.968472694195357
0.25	0.63	0.44	0.935187841445877
0.43	0.63	0.53	0.928772410439922
0.46	0.63	0.545	0.929546204285545
0.48	0.63	0.555	0.944472861015248
0.4	0.63	0.515	0.982578552529759
0.63	1.48	1.055	0.954737918946484
0.63	1.21	0.92	0.916222518502783
0.63	1.33	0.98	0.956746776651901
0.63	0.7	0.665	0.97416314330057
0.59	0.63	0.61	0.976858321487212
0.63	1.34	0.985	0.983140741206785
0.22	0.63	0.425	0.984208199663898
0.21	1.56	0.885	0.949376837412322
0.21	0.76	0.485	0.872997378389321
0.21	0.39	0.3	0.865821929733372
0.21	1.1	0.655	0.921733648061622
0.21	1.84	1.025	0.885646675580667
0.21	1.14	0.675	0.977632626560188
0.21	3.83	2.02	0.933462644687836
0.21	0.49	0.35	0.862854549186786
0.21	1.96	1.085	0.848883538342394
0.21	1.41	0.81	0.909913320391341
0.21	1.5	0.855	0.853481596461191
0.21	1.65	0.93	0.879933859803404
0.21	1.49	0.85	0.851346085768336
0.21	0.72	0.465	0.885864081218109
0.21	1.02	0.615	0.861160815446012
0.21	0.92	0.565	0.90318978862885
0.21	1.12	0.665	0.874062078876691
0.21	1.65	0.93	0.914041213635354
0.21	1.34	0.775	0.883966876538857
0.21	1.01	0.61	0.899280249754069
0.21	3.66	1.935	0.91432024325384
0.21	2.64	1.425	0.873823079678316
0.21	2.08	1.145	0.863764279502499
0.21	1.11	0.66	0.898365461755185
0.21	0.98	0.595	0.913902552038046
0.21	0.88	0.545	0.858747243898461
0.21	0.51	0.36	0.885029307479763
0.21	0.43	0.32	0.875548862808207
0.21	1.02	0.615	0.942573173381258
0.21	1.66	0.935	0.905508446196701
0.21	0.66	0.435	0.89208738535438
0.21	0.57	0.39	0.936263155681968
0.21	2.01	1.11	0.929973962481188
0.21	1.45	0.83	0.874913747492148
0.21	1.23	0.72	0.912270024900451
0.21	1.26	0.735	0.919359762680182
0.21	2.07	1.14	0.855075515295819
0.21	1.24	0.725	0.90877414919132
0.21	0.44	0.325	0.908153720320855
0.21	0.67	0.44	0.908469331628466
0.21	0.72	0.465	0.953016782126166
0.21	0.59	0.4	0.927253106810207
0.21	0.25	0.23	0.942351579733899
0.21	0.43	0.32	0.94364108640949
0.21	0.46	0.335	0.941490995553761
0.21	0.48	0.345	0.96404213260894
0.21	0.4	0.305	0.972049496624812
0.21	1.48	0.845	0.959103865863073
0.21	1.21	0.71	0.95665550585442
0.21	1.33	0.77	0.94290293638497
0.21	0.7	0.455	0.900300124160919
0.21	0.59	0.4	0.866029990108648
0.21	1.34	0.775	0.937159409888226
0.21	0.22	0.215	0.923107742655374
0.76	1.56	1.16	0.95694266834758
0.39	1.56	0.975	0.94533161982231
1.1	1.56	1.33	0.958045982304321
1.56	1.84	1.7	0.942427927132703
1.14	1.56	1.35	0.968040797064924
1.56	3.83	2.695	0.924075789594079
0.49	1.56	1.025	0.94700719354963
1.56	1.96	1.76	0.94277309294028
1.41	1.56	1.485	0.973981000815565
1.5	1.56	1.53	0.936675338558487
1.56	1.65	1.605	0.957403233726405
1.49	1.56	1.525	0.94602311423388
0.72	1.56	1.14	0.943192357386858
1.02	1.56	1.29	0.956882366009739
0.92	1.56	1.24	0.962474951131136
1.12	1.56	1.34	0.94940068181546
1.56	1.65	1.605	0.965765502598538
1.34	1.56	1.45	0.959545405840802
1.01	1.56	1.285	0.940991191195389
1.56	3.66	2.61	0.942814266968645
1.56	2.64	2.1	0.929137638520811
1.56	2.08	1.82	0.930741200693022
1.11	1.56	1.335	0.956491366081424
0.98	1.56	1.27	0.952003390677544
0.88	1.56	1.22	0.941126231016911
0.51	1.56	1.035	0.951993537337475
0.43	1.56	0.995	0.939357654914683
1.02	1.56	1.29	0.951167136820502
1.56	1.66	1.61	0.941794063242071
0.66	1.56	1.11	0.94206349566905
0.57	1.56	1.065	0.940201945246583
1.56	2.01	1.785	0.955229112271223
1.45	1.56	1.505	0.950993754642208
1.23	1.56	1.395	0.970098827650168
1.26	1.56	1.41	0.968998148704723
1.56	2.07	1.815	0.945105740616795
1.24	1.56	1.4	0.953031705873178
0.44	1.56	1	0.9693588696504
0.67	1.56	1.115	0.957112795706379
0.72	1.56	1.14	0.964854191107367
0.59	1.56	1.075	0.960635928622448
0.25	1.56	0.905	0.931694972542186
0.43	1.56	0.995	0.9449694407366
0.46	1.56	1.01	0.945860981917745
0.48	1.56	1.02	0.9536110937765
0.4	1.56	0.98	0.990820329232057
1.48	1.56	1.52	0.966635547442554
1.21	1.56	1.385	0.941395096259901
1.33	1.56	1.445	0.954899416551279
0.7	1.56	1.13	0.937415980515237
0.59	1.56	1.075	0.957717014080857
1.34	1.56	1.45	0.98041311112542
0.22	1.56	0.89	0.972879231270655
0.39	0.76	0.575	0.814881152404037
0.76	1.1	0.93	0.934190300413724
0.76	1.84	1.3	0.833680873550126
0.76	1.14	0.95	0.983436494893799
0.76	3.83	2.295	0.901174860175683
0.49	0.76	0.625	0.818751954594504
0.76	1.96	1.36	0.816858334533181
0.76	1.41	1.085	0.867062293923033
0.76	1.5	1.13	0.863047106583781
0.76	1.65	1.205	0.823203076443184
0.76	1.49	1.125	0.873799269415034
0.72	0.76	0.74	0.890765587384923
0.76	1.02	0.89	0.866844040703373
0.76	0.92	0.84	0.807811609380922
0.76	1.12	0.94	0.866902519451289
0.76	1.65	1.205	0.86732905714572
0.76	1.34	1.05	0.812384712041593
0.76	1.01	0.885	0.876607595631188
0.76	3.66	2.21	0.863760372870967
0.76	2.64	1.7	0.86802903548577
0.76	2.08	1.42	0.879015474628887
0.76	1.11	0.935	0.874416566296577
0.76	0.98	0.87	0.923879756513169
0.76	0.88	0.82	0.87355335061585
0.51	0.76	0.635	0.852643124402623
0.43	0.76	0.595	0.882687234688961
0.76	1.02	0.89	0.943888367305901
0.76	1.66	1.21	0.871684131912827
0.66	0.76	0.71	0.871608106746875
0.57	0.76	0.665	0.946638687528967
0.76	2.01	1.385	0.929180691701812
0.76	1.45	1.105	0.799142327478094
0.76	1.23	0.995	0.844269322419265
0.76	1.26	1.01	0.862744504036617
0.76	2.07	1.415	0.885369264783873
0.76	1.24	1	0.87782838052213
0.44	0.76	0.6	0.892142884406009
0.67	0.76	0.715	0.884543313158062
0.72	0.76	0.74	0.951103643656918
0.59	0.76	0.675	0.908801258604332
0.25	0.76	0.505	0.941422612729656
0.43	0.76	0.595	0.939157822051449
0.46	0.76	0.61	0.969477434546372
0.48	0.76	0.62	0.979796432155315
0.4	0.76	0.58	0.972968085281181
0.76	1.48	1.12	0.956268214057018
0.76	1.21	0.985	0.972226644627098
0.76	1.33	1.045	0.944043126054899
0.7	0.76	0.73	0.854236190228606
0.59	0.76	0.675	0.868864998689877
0.76	1.34	1.05	0.904071018971586
0.22	0.76	0.49	0.89544755892164
0.39	1.1	0.745	0.908274373734786
0.39	1.84	1.115	0.778147422895759
0.39	1.14	0.765	0.965733409974055
0.39	3.83	2.11	0.910407617029965
0.39	0.49	0.44	0.77923747404165
0.39	1.96	1.175	0.776448976084101
0.39	1.41	0.9	0.886534439176502
0.39	1.5	0.945	0.819784816520717
0.39	1.65	1.02	0.771087964946688
0.39	1.49	0.94	0.80268958629229
0.39	0.72	0.555	0.793851920908422
0.39	1.02	0.705	0.831052252473504
0.39	0.92	0.655	0.823372030683114
0.39	1.12	0.755	0.801204964467741
0.39	1.65	1.02	0.862403961803056
0.39	1.34	0.865	0.828733470510337
0.39	1.01	0.7	0.848621029878259
0.39	3.66	2.025	0.819177059397226
0.39	2.64	1.515	0.80423391818012
0.39	2.08	1.235	0.829177392327586
0.39	1.11	0.75	0.880041969187927
0.39	0.98	0.685	0.910936322330007
0.39	0.88	0.635	0.818047101146183
0.39	0.51	0.45	0.839052175974873
0.39	0.43	0.41	0.806215247436473
0.39	1.02	0.705	0.947505049107513
0.39	1.66	1.025	0.884254761074512
0.39	0.66	0.525	0.864423297965147
0.39	0.57	0.48	0.927531439390241
0.39	2.01	1.2	0.90979780787537
0.39	1.45	0.92	0.784872503666696
0.39	1.23	0.81	0.888948300549983
0.39	1.26	0.825	0.901567510380284
0.39	2.07	1.23	0.824849353531965
0.39	1.24	0.815	0.886602099369353
0.39	0.44	0.415	0.921963769835993
0.39	0.67	0.53	0.909111428890128
0.39	0.72	0.555	0.961234925147551
0.39	0.59	0.49	0.935932392696297
0.25	0.39	0.32	0.935404650171599
0.39	0.43	0.41	0.93472986952087
0.39	0.46	0.425	0.949858722190934
0.39	0.48	0.435	0.96538328014699
0.39	0.4	0.395	0.974097111123437
0.39	1.48	0.935	0.959822139514829
0.39	1.21	0.8	0.96182777516368
0.39	1.33	0.86	0.949799722317465
0.39	0.7	0.545	0.858646796691811
0.39	0.59	0.49	0.821178446705063
0.39	1.34	0.865	0.933549737684366
0.22	0.39	0.305	0.903281128429447
1.1	1.84	1.47	0.915248158352083
1.1	1.14	1.12	0.961973526501606
1.1	3.83	2.465	0.921823018947133
0.49	1.1	0.795	0.915237979997454
1.1	1.96	1.53	0.912957895916355
1.1	1.41	1.255	0.943392669565973
1.1	1.5	1.3	0.89499930344209
1.1	1.65	1.375	0.917760847863554
1.1	1.49	1.295	0.931696681263272
0.72	1.1	0.91	0.903088323282675
1.02	1.1	1.06	0.930820518491035
0.92	1.1	1.01	0.936538815499908
1.1	1.12	1.11	0.903688928769679
1.1	1.65	1.375	0.905261546586204
1.1	1.34	1.22	0.926095742005336
1.01	1.1	1.055	0.901551606626919
1.1	3.66	2.38	0.914806985211705
1.1	2.64	1.87	0.893619584955657
1.1	2.08	1.59	0.911006784934273
1.1	1.11	1.105	0.938695532866195
0.98	1.1	1.04	0.927237556892798
0.88	1.1	0.99	0.920937407871912
0.51	1.1	0.805	0.934386598481043
0.43	1.1	0.765	0.913329171244357
1.02	1.1	1.06	0.958703124099999
1.1	1.66	1.38	0.921721229336019
0.66	1.1	0.88	0.920869109609437
0.57	1.1	0.835	0.933497527141645
1.1	2.01	1.555	0.930385638715199
1.1	1.45	1.275	0.91565286944803
1.1	1.23	1.165	0.945225911627931
1.1	1.26	1.18	0.955126570111289
1.1	2.07	1.585	0.912021773018651
1.1	1.24	1.17	0.938448138849907
0.44	1.1	0.77	0.955965529521211
0.67	1.1	0.885	0.940433474604922
0.72	1.1	0.91	0.96237472933038
0.59	1.1	0.845	0.957769093271545
0.25	1.1	0.675	0.948936523458796
0.43	1.1	0.765	0.946277005648018
0.46	1.1	0.78	0.935388481720408
0.48	1.1	0.79	0.954899113010875
0.4	1.1	0.75	0.968560699161566
1.1	1.48	1.29	0.964434781627846
1.1	1.21	1.155	0.951333563176185
1.1	1.33	1.215	0.95488587221376
0.7	1.1	0.9	0.930559507386704
0.59	1.1	0.845	0.925542241721816
1.1	1.34	1.22	0.963219182266534
0.22	1.1	0.66	0.949256512206983
1.14	1.84	1.49	0.96185018984585
1.84	3.83	2.835	0.893664125917619
0.49	1.84	1.165	0.781314422367446
1.84	1.96	1.9	0.803187734930796
1.41	1.84	1.625	0.879392650599544
1.5	1.84	1.67	0.83998658066162
1.65	1.84	1.745	0.809708612195733
1.49	1.84	1.665	0.857911847934385
0.72	1.84	1.28	0.822548252946225
1.02	1.84	1.43	0.853355217140061
0.92	1.84	1.38	0.828137150674139
1.12	1.84	1.48	0.808684730651799
1.65	1.84	1.745	0.865110482760471
1.34	1.84	1.59	0.840542265133943
1.01	1.84	1.425	0.824516904625548
1.84	3.66	2.75	0.793626387633858
1.84	2.64	2.24	0.796467780680383
1.84	2.08	1.96	0.823927529307016
1.11	1.84	1.475	0.884991569701648
0.98	1.84	1.41	0.909333507602142
0.88	1.84	1.36	0.853245903423103
0.51	1.84	1.175	0.870966787732312
0.43	1.84	1.135	0.829265644289921
1.02	1.84	1.43	0.950550955149527
1.66	1.84	1.75	0.864180554336901
0.66	1.84	1.25	0.86059416422714
0.57	1.84	1.205	0.912548434966149
1.84	2.01	1.925	0.912194180086261
1.45	1.84	1.645	0.796495196145372
1.23	1.84	1.535	0.877913529503402
1.26	1.84	1.55	0.892577295934252
1.84	2.07	1.955	0.847425741684265
1.24	1.84	1.54	0.880216121636647
0.44	1.84	1.14	0.932584758289204
0.67	1.84	1.255	0.904980797128646
0.72	1.84	1.28	0.964857892845127
0.59	1.84	1.215	0.946042186066247
0.25	1.84	1.045	0.911186943499512
0.43	1.84	1.135	0.9305605298594
0.46	1.84	1.15	0.954425741490501
0.48	1.84	1.16	0.968589573113679
0.4	1.84	1.12	0.98255696160785
1.48	1.84	1.66	0.964217653032021
1.21	1.84	1.525	0.961503642816348
1.33	1.84	1.585	0.955631159381288
0.7	1.84	1.27	0.872775322276117
0.59	1.84	1.215	0.880613407519105
1.34	1.84	1.59	0.944310489259378
0.22	1.84	1.03	0.936356292705076
1.14	3.83	2.485	0.97328947107664
0.49	1.14	0.815	0.971729542405068
1.14	1.96	1.55	0.974284095375832
1.14	1.41	1.275	0.981842389596735
1.14	1.5	1.32	0.955285966872135
1.14	1.65	1.395	0.968440128295048
1.14	1.49	1.315	0.971889476604924
0.72	1.14	0.93	0.94328199769071
1.02	1.14	1.08	0.975289258178326
0.92	1.14	1.03	0.976890240091421
1.12	1.14	1.13	0.95542712866961
1.14	1.65	1.395	0.966353112438544
1.14	1.34	1.24	0.9741298134644
1.01	1.14	1.075	0.9427116363921
1.14	3.66	2.4	0.951899561631882
1.14	2.64	1.89	0.941126577782982
1.14	2.08	1.61	0.950507231868154
1.11	1.14	1.125	0.978385957164246
0.98	1.14	1.06	0.97596850771917
0.88	1.14	1.01	0.972494657675371
0.51	1.14	0.825	0.980075762954199
0.43	1.14	0.785	0.957673790092077
1.02	1.14	1.08	0.982223905654027
1.14	1.66	1.4	0.969667322811867
0.66	1.14	0.9	0.971032128406985
0.57	1.14	0.855	0.942544073997909
1.14	2.01	1.575	0.965325901547891
1.14	1.45	1.295	0.973440276854298
1.14	1.23	1.185	0.983011137433226
1.14	1.26	1.2	0.987343822741811
1.14	2.07	1.605	0.958799415747639
1.14	1.24	1.19	0.977594116897364
0.44	1.14	0.79	0.988292867889427
0.67	1.14	0.905	0.98075572221535
0.72	1.14	0.93	0.98655175408361
0.59	1.14	0.865	0.983331065853624
0.25	1.14	0.695	0.953922043094906
0.43	1.14	0.785	0.971283445394172
0.46	1.14	0.8	0.954073068732076
0.48	1.14	0.81	0.969672657262294
0.4	1.14	0.77	0.98759640232255
1.14	1.48	1.31	0.979183809055595
1.14	1.21	1.175	0.975535231821438
1.14	1.33	1.235	0.982716447604762
0.7	1.14	0.92	0.975397119978655
0.59	1.14	0.865	0.975022912229714
1.14	1.34	1.24	0.988716914755342
0.22	1.14	0.68	0.98551973019299
0.49	3.83	2.16	0.906328372285528
1.96	3.83	2.895	0.910490084648173
1.41	3.83	2.62	0.950807260705699
1.5	3.83	2.665	0.917262652104541
1.65	3.83	2.74	0.920758816729354
1.49	3.83	2.66	0.938991330802102
0.72	3.83	2.275	0.921604299748767
1.02	3.83	2.425	0.939557578931438
0.92	3.83	2.375	0.929824785574796
1.12	3.83	2.475	0.934588653265328
1.65	3.83	2.74	0.933972821019258
1.34	3.83	2.585	0.928175610477327
1.01	3.83	2.42	0.891174206865535
3.66	3.83	3.745	0.90687372966827
2.64	3.83	3.235	0.90905971878478
2.08	3.83	2.955	0.904012733650461
1.11	3.83	2.47	0.920007970001911
0.98	3.83	2.405	0.919461113163822
0.88	3.83	2.355	0.925713971139754
0.51	3.83	2.17	0.934835889569781
0.43	3.83	2.13	0.918758619676742
1.02	3.83	2.425	0.939659207654032
1.66	3.83	2.745	0.87889807134627
0.66	3.83	2.245	0.882237586920188
0.57	3.83	2.2	0.932840457495499
2.01	3.83	2.92	0.941452072914451
1.45	3.83	2.64	0.89526979631737
1.23	3.83	2.53	0.923009907366197
1.26	3.83	2.545	0.92850013393153
2.07	3.83	2.95	0.923294197482639
1.24	3.83	2.535	0.907324877102507
0.44	3.83	2.135	0.933991283701219
0.67	3.83	2.25	0.921327833594449
0.72	3.83	2.275	0.950239174671268
0.59	3.83	2.21	0.927978401362915
0.25	3.83	2.04	0.859714774051716
0.43	3.83	2.13	0.906252268442758
0.46	3.83	2.145	0.954707838141675
0.48	3.83	2.155	0.955758264218845
0.4	3.83	2.115	0.986575547850812
1.48	3.83	2.655	0.962480383420297
1.21	3.83	2.52	0.946526025958609
1.33	3.83	2.58	0.954835269996631
0.7	3.83	2.265	0.902846256000206
0.59	3.83	2.21	0.946512909566317
1.34	3.83	2.585	0.962080765849094
0.22	3.83	2.025	0.95559346365884
0.49	1.96	1.225	0.823794547483865
0.49	1.41	0.95	0.885643814425968
0.49	1.5	0.995	0.839680006138297
0.49	1.65	1.07	0.821605686713631
0.49	1.49	0.99	0.841903192020899
0.49	0.72	0.605	0.824668399889968
0.49	1.02	0.755	0.865912054380698
0.49	0.92	0.705	0.832006618745199
0.49	1.12	0.805	0.831497827653667
0.49	1.65	1.07	0.866421706026729
0.49	1.34	0.915	0.830780011206021
0.49	1.01	0.75	0.813133593600828
0.49	3.66	2.075	0.827796569841889
0.49	2.64	1.565	0.812721822555794
0.49	2.08	1.285	0.817812923709872
0.49	1.11	0.8	0.881312616490028
0.49	0.98	0.735	0.910105153747029
0.49	0.88	0.685	0.8538293325422
0.49	0.51	0.5	0.865282726455997
0.43	0.49	0.46	0.844191789548772
0.49	1.02	0.755	0.938950275079734
0.49	1.66	1.075	0.864012596622366
0.49	0.66	0.575	0.845366511679118
0.49	0.57	0.53	0.912496389955686
0.49	2.01	1.25	0.897290840542974
0.49	1.45	0.97	0.793530767609202
0.49	1.23	0.86	0.867624424750424
0.49	1.26	0.875	0.882237320593441
0.49	2.07	1.28	0.843627853966639
0.49	1.24	0.865	0.871430345739027
0.44	0.49	0.465	0.922088338289313
0.49	0.67	0.58	0.900392400519144
0.49	0.72	0.605	0.96193840275658
0.49	0.59	0.54	0.938949985564426
0.25	0.49	0.37	0.924896506336305
0.43	0.49	0.46	0.936046094214605
0.46	0.49	0.475	0.960029601722685
0.48	0.49	0.485	0.967810827993738
0.4	0.49	0.445	0.976583085805402
0.49	1.48	0.985	0.964050316610856
0.49	1.21	0.85	0.962912779580549
0.49	1.33	0.91	0.949964781202917
0.49	0.7	0.595	0.865785599075532
0.49	0.59	0.54	0.867490949587019
0.49	1.34	0.915	0.930834644239973
0.22	0.49	0.355	0.925610852759587
1.41	1.96	1.685	0.866749192880553
1.5	1.96	1.73	0.791414967977711
1.65	1.96	1.805	0.674876697078139
1.49	1.96	1.725	0.828291649636195
0.72	1.96	1.34	0.843485979990041
1.02	1.96	1.49	0.795194309236591
0.92	1.96	1.44	0.844236412034712
1.12	1.96	1.54	0.794251382081189
1.65	1.96	1.805	0.86403485416467
1.34	1.96	1.65	0.809459236187203
1.01	1.96	1.485	0.845408096013556
1.96	3.66	2.81	0.852032952410559
1.96	2.64	2.3	0.821327766561651
1.96	2.08	2.02	0.829740011470661
1.11	1.96	1.535	0.868498435972455
0.98	1.96	1.47	0.905291981863891
0.88	1.96	1.42	0.829642043231278
0.51	1.96	1.235	0.835540346588577
0.43	1.96	1.195	0.819313728445799
1.02	1.96	1.49	0.954009291227282
1.66	1.96	1.81	0.890878229570997
0.66	1.96	1.31	0.86408024623867
0.57	1.96	1.265	0.933039954321656
1.96	2.01	1.985	0.907491530850484
1.45	1.96	1.705	0.785090432142842
1.23	1.96	1.595	0.892513689074898
1.26	1.96	1.61	0.909536736942665
1.96	2.07	2.015	0.788083042070268
1.24	1.96	1.6	0.897059890084264
0.44	1.96	1.2	0.921355415985813
0.67	1.96	1.315	0.908371644367131
0.72	1.96	1.34	0.960258162686154
0.59	1.96	1.275	0.937518758466074
0.25	1.96	1.105	0.914175978573924
0.43	1.96	1.195	0.9313687895339
0.46	1.96	1.21	0.944818142273096
0.48	1.96	1.22	0.961177565193763
0.4	1.96	1.18	0.980860293094525
1.48	1.96	1.72	0.964554184070685
1.21	1.96	1.585	0.956002710289329
1.33	1.96	1.645	0.954338739449468
0.7	1.96	1.33	0.853295226991947
0.59	1.96	1.275	0.82532876363314
1.34	1.96	1.65	0.929132731296464
0.22	1.96	1.09	0.906637733837476
1.41	1.5	1.455	0.893645015279542
1.41	1.65	1.53	0.868200857742979
1.41	1.49	1.45	0.909139396809191
0.72	1.41	1.065	0.895754499986867
1.02	1.41	1.215	0.904349207104146
0.92	1.41	1.165	0.828288565753136
1.12	1.41	1.265	0.894783114932204
1.41	1.65	1.53	0.848154465969138
1.34	1.41	1.375	0.832156143387141
1.01	1.41	1.21	0.917751537072207
1.41	3.66	2.535	0.889495234005964
1.41	2.64	2.025	0.907795742255782
1.41	2.08	1.745	0.914456270626715
1.11	1.41	1.26	0.915621773072546
0.98	1.41	1.195	0.933128644282463
0.88	1.41	1.145	0.90684935249071
0.51	1.41	0.96	0.921747398148085
0.43	1.41	0.92	0.91188214154319
1.02	1.41	1.215	0.953041130344949
1.41	1.66	1.535	0.928493269886098
0.66	1.41	1.035	0.911242000588488
0.57	1.41	0.99	0.955839534670097
1.41	2.01	1.71	0.939455424922216
1.41	1.45	1.43	0.877934027915647
1.23	1.41	1.32	0.855677076093115
1.26	1.41	1.335	0.867422481023799
1.41	2.07	1.74	0.916624454515809
1.24	1.41	1.325	0.922360923267582
0.44	1.41	0.925	0.9466274908312
0.67	1.41	1.04	0.898270155352333
0.72	1.41	1.065	0.958577209234009
0.59	1.41	1	0.946710011570925
0.25	1.41	0.83	0.949300447249285
0.43	1.41	0.92	0.95853924054421
0.46	1.41	0.935	0.963766595408504
0.48	1.41	0.945	0.972404795691462
0.4	1.41	0.905	0.961853567465119
1.41	1.48	1.445	0.940984795637456
1.21	1.41	1.31	0.96713163136051
1.33	1.41	1.37	0.937378424616589
0.7	1.41	1.055	0.927398370617307
0.59	1.41	1	0.900531968793409
1.34	1.41	1.375	0.86867307444089
0.22	1.41	0.815	0.934446765771554
1.5	1.65	1.575	0.807937147257069
1.49	1.5	1.495	0.840532664864641
0.72	1.5	1.11	0.818013708044986
1.02	1.5	1.26	0.827669760399116
0.92	1.5	1.21	0.879524970258531
1.12	1.5	1.31	0.810807774891823
1.5	1.65	1.575	0.885574070024005
1.34	1.5	1.42	0.856441049753967
1.01	1.5	1.255	0.841842634749284
1.5	3.66	2.58	0.837318351990434
1.5	2.64	2.07	0.781184071846292
1.5	2.08	1.79	0.806940909064137
1.11	1.5	1.305	0.895429224086425
0.98	1.5	1.24	0.913421069637584
0.88	1.5	1.19	0.844585833631234
0.51	1.5	1.005	0.874531611164237
0.43	1.5	0.965	0.829933067848512
1.02	1.5	1.26	0.948062316312286
1.5	1.66	1.58	0.891450595288937
0.66	1.5	1.08	0.882517765794351
0.57	1.5	1.035	0.913753704421799
1.5	2.01	1.755	0.902002585590491
1.45	1.5	1.475	0.850613939058489
1.23	1.5	1.365	0.917928513951778
1.26	1.5	1.38	0.920667747067807
1.5	2.07	1.785	0.802504068178709
1.24	1.5	1.37	0.906457245944308
0.44	1.5	0.97	0.935677435770454
0.67	1.5	1.085	0.91986630729658
0.72	1.5	1.11	0.961820169087318
0.59	1.5	1.045	0.940358430722117
0.25	1.5	0.875	0.930795506053497
0.43	1.5	0.965	0.939826690164009
0.46	1.5	0.98	0.929941685006042
0.48	1.5	0.99	0.947496977375095
0.4	1.5	0.95	0.973917111647952
1.48	1.5	1.49	0.958095383770069
1.21	1.5	1.355	0.947831469704003
1.33	1.5	1.415	0.939247227254671
0.7	1.5	1.1	0.874019387474371
0.59	1.5	1.045	0.838545486119183
1.34	1.5	1.42	0.942550057798906
0.22	1.5	0.86	0.924701368482313
1.49	1.65	1.57	0.82960223546663
0.72	1.65	1.185	0.829356832676659
1.02	1.65	1.335	0.790860208587573
0.92	1.65	1.285	0.829672170796063
1.12	1.65	1.385	0.763636907011007
1.65	1.65	1.65	0.855176980236381
1.34	1.65	1.495	0.802507881600058
1.01	1.65	1.33	0.84953461178624
1.65	3.66	2.655	0.840094388386895
1.65	2.64	2.145	0.814261850875679
1.65	2.08	1.865	0.842331189239087
1.11	1.65	1.38	0.865090157498019
0.98	1.65	1.315	0.903840020847927
0.88	1.65	1.265	0.840699894200517
0.51	1.65	1.08	0.848860636505616
0.43	1.65	1.04	0.824757145753993
1.02	1.65	1.335	0.956260305824504
1.65	1.66	1.655	0.895261201247402
0.66	1.65	1.155	0.865884114019973
0.57	1.65	1.11	0.939770956382665
1.65	2.01	1.83	0.917818029093592
1.45	1.65	1.55	0.790016996650979
1.23	1.65	1.44	0.892024016450551
1.26	1.65	1.455	0.906636271393412
1.65	2.07	1.86	0.807694173253231
1.24	1.65	1.445	0.906200384278483
0.44	1.65	1.045	0.922413734120968
0.67	1.65	1.16	0.923202795838042
0.72	1.65	1.185	0.966329966859838
0.59	1.65	1.12	0.937676370971623
0.25	1.65	0.95	0.933962446261381
0.43	1.65	1.04	0.939600739959785
0.46	1.65	1.055	0.944080623929041
0.48	1.65	1.065	0.963435385495816
0.4	1.65	1.025	0.976602047535962
1.48	1.65	1.565	0.964729901694296
1.21	1.65	1.43	0.964452633865605
1.33	1.65	1.49	0.954366332225085
0.7	1.65	1.175	0.864052752213847
0.59	1.65	1.12	0.826554558472434
1.34	1.65	1.495	0.936631734199804
0.22	1.65	0.935	0.911017192042052
0.72	1.49	1.105	0.864893156979001
1.02	1.49	1.255	0.842573160407707
0.92	1.49	1.205	0.890259699405245
1.12	1.49	1.305	0.845260634527035
1.49	1.65	1.57	0.91293225672561
1.34	1.49	1.415	0.866631949691307
1.01	1.49	1.25	0.89977808342664
1.49	3.66	2.575	0.874384059103772
1.49	2.64	2.065	0.853305889603966
1.49	2.08	1.785	0.839751310368704
1.11	1.49	1.3	0.907788775077807
0.98	1.49	1.235	0.931534578019521
0.88	1.49	1.185	0.815026492077954
0.51	1.49	1	0.862241119445275
0.43	1.49	0.96	0.828342190973982
1.02	1.49	1.255	0.958115042043968
1.49	1.66	1.575	0.918034385483545
0.66	1.49	1.075	0.904437272041264
0.57	1.49	1.03	0.944958704724985
1.49	2.01	1.75	0.921848049872605
1.45	1.49	1.47	0.861545859306819
1.23	1.49	1.36	0.937146108922864
1.26	1.49	1.375	0.945308294241733
1.49	2.07	1.78	0.831001495081643
1.24	1.49	1.365	0.915628725437287
0.44	1.49	0.965	0.924776301053332
0.67	1.49	1.08	0.919692051449511
0.72	1.49	1.105	0.967138984743164
0.59	1.49	1.04	0.941097501146496
0.25	1.49	0.87	0.939308386074013
0.43	1.49	0.96	0.940728395035724
0.46	1.49	0.975	0.949104764255585
0.48	1.49	0.985	0.965053228518351
0.4	1.49	0.945	0.974717489860801
1.48	1.49	1.485	0.969738347834732
1.21	1.49	1.35	0.960310100229967
1.33	1.49	1.41	0.961198654630552
0.7	1.49	1.095	0.895195071215673
0.59	1.49	1.04	0.815482409828878
1.34	1.49	1.415	0.951198860264545
0.22	1.49	0.855	0.895118042800182
0.72	1.02	0.87	0.879239635898644
0.72	0.92	0.82	0.860710977764721
0.72	1.12	0.92	0.830765625355953
0.72	1.65	1.185	0.871194504332097
0.72	1.34	1.03	0.871525735303841
0.72	1.01	0.865	0.839843275653075
0.72	3.66	2.19	0.770253714846744
0.72	2.64	1.68	0.801720259397202
0.72	2.08	1.4	0.841032561316057
0.72	1.11	0.915	0.924243510433902
0.72	0.98	0.85	0.918283130955883
0.72	0.88	0.8	0.86868340036896
0.51	0.72	0.615	0.890376721559555
0.43	0.72	0.575	0.834569938368244
0.72	1.02	0.87	0.950879591200067
0.72	1.66	1.19	0.908687574204086
0.66	0.72	0.69	0.888594517850732
0.57	0.72	0.645	0.894047404494317
0.72	2.01	1.365	0.899702726953161
0.72	1.45	1.085	0.856645387478614
0.72	1.23	0.975	0.916819182476594
0.72	1.26	0.99	0.924217598249999
0.72	2.07	1.395	0.832425239215641
0.72	1.24	0.98	0.911958812158402
0.44	0.72	0.58	0.95450485075533
0.67	0.72	0.695	0.928738272475933
0.72	0.72	0.72	0.965674341085227
0.59	0.72	0.655	0.955054056547747
0.25	0.72	0.485	0.927860566443589
0.43	0.72	0.575	0.942349487398881
0.46	0.72	0.59	0.937708041962633
0.48	0.72	0.6	0.956899672192224
0.4	0.72	0.56	0.974749563693534
0.72	1.48	1.1	0.958227446836503
0.72	1.21	0.965	0.954326383675823
0.72	1.33	1.025	0.946239749128717
0.7	0.72	0.71	0.897630241253981
0.59	0.72	0.655	0.868190949417812
0.72	1.34	1.03	0.940974204396697
0.22	0.72	0.47	0.944918120217533
0.92	1.02	0.97	0.879082703922422
1.02	1.12	1.07	0.815316822614375
1.02	1.65	1.335	0.894247936409621
1.02	1.34	1.18	0.851754679454462
1.01	1.02	1.015	0.891696000545218
1.02	3.66	2.34	0.891555989508334
1.02	2.64	1.83	0.814751067503216
1.02	2.08	1.55	0.859872415572929
1.02	1.11	1.065	0.892886537474875
0.98	1.02	1	0.925805329742078
0.88	1.02	0.95	0.855221810749406
0.51	1.02	0.765	0.844151532774003
0.43	1.02	0.725	0.876904146082979
1.02	1.02	1.02	0.950151473408494
1.02	1.66	1.34	0.920358414918138
0.66	1.02	0.84	0.893880529918635
0.57	1.02	0.795	0.945221949960828
1.02	2.01	1.515	0.925290210898427
1.02	1.45	1.235	0.838265928241868
1.02	1.23	1.125	0.929561784022693
1.02	1.26	1.14	0.929386074006781
1.02	2.07	1.545	0.811678583356632
1.02	1.24	1.13	0.911961627512842
0.44	1.02	0.73	0.923361549870008
0.67	1.02	0.845	0.923843072566375
0.72	1.02	0.87	0.964372083188097
0.59	1.02	0.805	0.937068839167322
0.25	1.02	0.635	0.930398619167506
0.43	1.02	0.725	0.947057969351356
0.46	1.02	0.74	0.946605267253943
0.48	1.02	0.75	0.960808778263506
0.4	1.02	0.71	0.97028090026118
1.02	1.48	1.25	0.966743936638674
1.02	1.21	1.115	0.95809866251299
1.02	1.33	1.175	0.960365984272302
0.7	1.02	0.86	0.907475190519623
0.59	1.02	0.805	0.834470321696291
1.02	1.34	1.18	0.92996702839956
0.22	1.02	0.62	0.910288678012833
0.92	1.12	1.02	0.856999848821034
0.92	1.65	1.285	0.825975828284892
0.92	1.34	1.13	0.815246052081212
0.92	1.01	0.965	0.857711872113822
0.92	3.66	2.29	0.825546597231806
0.92	2.64	1.78	0.8737565024871
0.92	2.08	1.5	0.89051099023621
0.92	1.11	1.015	0.910395119121521
0.92	0.98	0.95	0.935768617559554
0.88	0.92	0.9	0.876051860386408
0.51	0.92	0.715	0.876078780407097
0.43	0.92	0.675	0.880056550377577
0.92	1.02	0.97	0.945324121478142
0.92	1.66	1.29	0.899369094773394
0.66	0.92	0.79	0.890920500301049
0.57	0.92	0.745	0.939007317973777
0.92	2.01	1.465	0.919893201667857
0.92	1.45	1.185	0.819413342658393
0.92	1.23	1.075	0.861852880638716
0.92	1.26	1.09	0.870826922648253
0.92	2.07	1.495	0.886682157235247
0.92	1.24	1.08	0.897293944943882
0.44	0.92	0.68	0.91929624318674
0.67	0.92	0.795	0.904784047341043
0.72	0.92	0.82	0.950580300949854
0.59	0.92	0.755	0.938003315558377
0.25	0.92	0.585	0.946460218016693
0.43	0.92	0.675	0.947038104476719
0.46	0.92	0.69	0.969477344599271
0.48	0.92	0.7	0.978860323361335
0.4	0.92	0.66	0.968753271174204
0.92	1.48	1.2	0.954236065050877
0.92	1.21	1.065	0.97232744681957
0.92	1.33	1.125	0.941605012300273
0.7	0.92	0.81	0.885903067063957
0.59	0.92	0.755	0.868139808177707
0.92	1.34	1.13	0.894472961571499
0.22	0.92	0.57	0.911541826229276
1.12	1.65	1.385	0.869909522922753
1.12	1.34	1.23	0.833277487700608
1.01	1.12	1.065	0.836274357800792
1.12	3.66	2.39	0.826417732168925
1.12	2.64	1.88	0.794910468037894
1.12	2.08	1.6	0.84673401228005
1.11	1.12	1.115	0.89482179666014
0.98	1.12	1.05	0.912710656053395
0.88	1.12	1	0.857771145818835
0.51	1.12	0.815	0.86462937429112
0.43	1.12	0.775	0.832371437833369
1.02	1.12	1.07	0.945245108038297
1.12	1.66	1.39	0.885407212684214
0.66	1.12	0.89	0.868397611073518
0.57	1.12	0.845	0.917173585866849
1.12	2.01	1.565	0.899531699332782
1.12	1.45	1.285	0.814555131250766
1.12	1.23	1.175	0.921252906596488
1.12	1.26	1.19	0.926320449927942
1.12	2.07	1.595	0.815864506145708
1.12	1.24	1.18	0.899170017489215
0.44	1.12	0.78	0.938231390324906
0.67	1.12	0.895	0.915392697177686
0.72	1.12	0.92	0.969994093429751
0.59	1.12	0.855	0.94474588672567
0.25	1.12	0.685	0.939095314771592
0.43	1.12	0.775	0.933471483907136
0.46	1.12	0.79	0.932799155240344
0.48	1.12	0.8	0.956103728516874
0.4	1.12	0.76	0.974541600202134
1.12	1.48	1.3	0.959070047217673
1.12	1.21	1.165	0.955631480207469
1.12	1.33	1.225	0.955250666258402
0.7	1.12	0.91	0.885725804845449
0.59	1.12	0.855	0.843978797257602
1.12	1.34	1.23	0.94371639791531
0.22	1.12	0.67	0.915651080513895
1.34	1.65	1.495	0.808913973391525
1.01	1.65	1.33	0.863654500841455
1.65	3.66	2.655	0.852631604277827
1.65	2.64	2.145	0.89033226981792
1.65	2.08	1.865	0.908280117942042
1.11	1.65	1.38	0.900830849961624
0.98	1.65	1.315	0.900371818363615
0.88	1.65	1.265	0.900517178663487
0.51	1.65	1.08	0.901095818643259
0.43	1.65	1.04	0.890174948866001
1.02	1.65	1.335	0.926618912695329
1.65	1.66	1.655	0.899647541500005
0.66	1.65	1.155	0.872415539467567
0.57	1.65	1.11	0.93563338244371
1.65	2.01	1.83	0.914087196737925
1.45	1.65	1.55	0.829418633543241
1.23	1.65	1.44	0.868379969351796
1.26	1.65	1.455	0.891132391275287
1.65	2.07	1.86	0.892385392909273
1.24	1.65	1.445	0.895734368915276
0.44	1.65	1.045	0.943707970627215
0.67	1.65	1.16	0.899060023865142
0.72	1.65	1.185	0.943586532785076
0.59	1.65	1.12	0.942699044918924
0.25	1.65	0.95	0.946064966862537
0.43	1.65	1.04	0.9442249026362
0.46	1.65	1.055	0.956237070395582
0.48	1.65	1.065	0.966739377144782
0.4	1.65	1.025	0.959998402804261
1.48	1.65	1.565	0.937774052894455
1.21	1.65	1.43	0.962310492680445
1.33	1.65	1.49	0.92389901103045
0.7	1.65	1.175	0.916898513549131
0.59	1.65	1.12	0.900763632092805
1.34	1.65	1.495	0.898443682236479
0.22	1.65	0.935	0.922436337856228
1.01	1.34	1.175	0.875483281131793
1.34	3.66	2.5	0.858347669347169
1.34	2.64	1.99	0.861299452980352
1.34	2.08	1.71	0.880956853813972
1.11	1.34	1.225	0.875916186291625
0.98	1.34	1.16	0.918239061329035
0.88	1.34	1.11	0.861404792903934
0.51	1.34	0.925	0.869224896846476
0.43	1.34	0.885	0.853463252124957
1.02	1.34	1.18	0.942173397384295
1.34	1.66	1.5	0.913041663397271
0.66	1.34	1	0.869669865975763
0.57	1.34	0.955	0.945201707375416
1.34	2.01	1.675	0.921871803203161
1.34	1.45	1.395	0.788977259300493
1.23	1.34	1.285	0.860086353889376
1.26	1.34	1.3	0.871750364985443
1.34	2.07	1.705	0.85771717936748
1.24	1.34	1.29	0.893707714489373
0.44	1.34	0.89	0.908822942650211
0.67	1.34	1.005	0.872446779152095
0.72	1.34	1.03	0.948599510776769
0.59	1.34	0.965	0.919397226728012
0.25	1.34	0.795	0.933269559553315
0.43	1.34	0.885	0.927258498646962
0.46	1.34	0.9	0.958959863596813
0.48	1.34	0.91	0.970134113296187
0.4	1.34	0.87	0.950462321119139
1.34	1.48	1.41	0.943637459581813
1.21	1.34	1.275	0.966639266439948
1.33	1.34	1.335	0.936722568381087
0.7	1.34	1.02	0.893231589992488
0.59	1.34	0.965	0.838089516544134
1.34	1.34	1.34	0.881847097570867
0.22	1.34	0.78	0.887878440070309
1.01	3.66	2.335	0.807606432904706
1.01	2.64	1.825	0.814734994000321
1.01	2.08	1.545	0.848135189895601
1.01	1.11	1.06	0.897501585560055
0.98	1.01	0.995	0.900975388991886
0.88	1.01	0.945	0.890525063599591
0.51	1.01	0.76	0.904855816439443
0.43	1.01	0.72	0.869600937848605
1.01	1.02	1.015	0.932772088864083
1.01	1.66	1.335	0.861693323134421
0.66	1.01	0.835	0.869532437036343
0.57	1.01	0.79	0.885242387503721
1.01	2.01	1.51	0.902675190079989
1.01	1.45	1.23	0.827175662949145
1.01	1.23	1.12	0.889470216012545
1.01	1.26	1.135	0.907754109185151
1.01	2.07	1.54	0.870386270663469
1.01	1.24	1.125	0.888232379569069
0.44	1.01	0.725	0.944228266384651
0.67	1.01	0.84	0.909448255207126
0.72	1.01	0.865	0.953231635999739
0.59	1.01	0.8	0.944239898742865
0.25	1.01	0.63	0.912341882034533
0.43	1.01	0.72	0.939986071261582
0.46	1.01	0.735	0.937512238092143
0.48	1.01	0.745	0.960925370634398
0.4	1.01	0.705	0.979150839500213
1.01	1.48	1.245	0.960456474457268
1.01	1.21	1.11	0.951713643641266
1.01	1.33	1.17	0.947586412642464
0.7	1.01	0.855	0.87358421660926
0.59	1.01	0.8	0.903898677004699
1.01	1.34	1.175	0.948681786096788
0.22	1.01	0.615	0.938783810017398
2.64	3.66	3.15	0.818439009910842
2.08	3.66	2.87	0.847236816959811
1.11	3.66	2.385	0.919772847983976
0.98	3.66	2.32	0.921171266971493
0.88	3.66	2.27	0.871462273418163
0.51	3.66	2.085	0.893415092071836
0.43	3.66	2.045	0.833301332728852
1.02	3.66	2.34	0.947344619341368
1.66	3.66	2.66	0.890981264298299
0.66	3.66	2.16	0.873140034105626
0.57	3.66	2.115	0.897093885674324
2.01	3.66	2.835	0.893745153682138
1.45	3.66	2.555	0.841053348262814
1.23	3.66	2.445	0.896529777194303
1.26	3.66	2.46	0.909119884318661
2.07	3.66	2.865	0.849674984322867
1.24	3.66	2.45	0.894723103896153
0.44	3.66	2.05	0.945695887037874
0.67	3.66	2.165	0.920466478048152
0.72	3.66	2.19	0.962300832416781
0.59	3.66	2.125	0.94051000809963
0.25	3.66	1.955	0.917480197732364
0.43	3.66	2.045	0.938258615321938
0.46	3.66	2.06	0.93872613011789
0.48	3.66	2.07	0.960134065910958
0.4	3.66	2.03	0.981275892671139
1.48	3.66	2.57	0.961716972694058
1.21	3.66	2.435	0.953960088789174
1.33	3.66	2.495	0.952121600671999
0.7	3.66	2.18	0.885404237291106
0.59	3.66	2.125	0.871504739163647
1.34	3.66	2.5	0.946764828620751
0.22	3.66	1.94	0.939464859419774
2.08	2.64	2.36	0.802058501965731
1.11	2.64	1.875	0.898627311009096
0.98	2.64	1.81	0.914492554198981
0.88	2.64	1.76	0.865602897857714
0.51	2.64	1.575	0.858451915196527
0.43	2.64	1.535	0.840833351375764
1.02	2.64	1.83	0.945082594768923
1.66	2.64	2.15	0.885615321021948
0.66	2.64	1.65	0.865601098442968
0.57	2.64	1.605	0.903532837757264
2.01	2.64	2.325	0.907520195219798
1.45	2.64	2.045	0.839185023321436
1.23	2.64	1.935	0.908226547457827
1.26	2.64	1.95	0.918662519476675
2.07	2.64	2.355	0.813418692665377
1.24	2.64	1.94	0.888156610182982
0.44	2.64	1.54	0.932661213524073
0.67	2.64	1.655	0.920425610058712
0.72	2.64	1.68	0.963413764612799
0.59	2.64	1.615	0.946286364914171
0.25	2.64	1.445	0.922019391601929
0.43	2.64	1.535	0.922946990496709
0.46	2.64	1.55	0.928151436654973
0.48	2.64	1.56	0.957446515207236
0.4	2.64	1.52	0.978996585521972
1.48	2.64	2.06	0.957744540807923
1.21	2.64	1.925	0.950201372792642
1.33	2.64	1.985	0.951725467738899
0.7	2.64	1.67	0.875013781646148
0.59	2.64	1.615	0.85170568717314
1.34	2.64	1.99	0.945589559550544
0.22	2.64	1.43	0.937697354392736
1.11	2.08	1.595	0.897805341060375
0.98	2.08	1.53	0.91449342015214
0.88	2.08	1.48	0.844695868453662
0.51	2.08	1.295	0.877606166869783
0.43	2.08	1.255	0.844391019873825
1.02	2.08	1.55	0.948709726577676
1.66	2.08	1.87	0.884918036401532
0.66	2.08	1.37	0.882195327624586
0.57	2.08	1.325	0.893145789652292
2.01	2.08	2.045	0.913273318307158
1.45	2.08	1.765	0.861717816070003
1.23	2.08	1.655	0.910147698564275
1.26	2.08	1.67	0.91805625912857
2.07	2.08	2.075	0.840529439215227
1.24	2.08	1.66	0.896334742206117
0.44	2.08	1.26	0.940567395179069
0.67	2.08	1.375	0.925666466326732
0.72	2.08	1.4	0.965444328495597
0.59	2.08	1.335	0.950864621253508
0.25	2.08	1.165	0.909589928060472
0.43	2.08	1.255	0.92993493343001
0.46	2.08	1.27	0.932879981683495
0.48	2.08	1.28	0.959576541481359
0.4	2.08	1.24	0.973610992142895
1.48	2.08	1.78	0.966977532221073
1.21	2.08	1.645	0.94239334023919
1.33	2.08	1.705	0.955276248007146
0.7	2.08	1.39	0.879374604389621
0.59	2.08	1.335	0.819899872790636
1.34	2.08	1.71	0.946534451582727
0.22	2.08	1.15	0.924307474906428
0.98	1.11	1.045	0.871787179432648
0.88	1.11	0.995	0.907090952203441
0.51	1.11	0.81	0.900232987838717
0.43	1.11	0.77	0.916446168292206
1.02	1.11	1.065	0.926631018367283
1.11	1.66	1.385	0.874035534852857
0.66	1.11	0.885	0.861858154909175
0.57	1.11	0.84	0.947974792738551
1.11	2.01	1.56	0.939390515528385
1.11	1.45	1.28	0.830422429177289
1.11	1.23	1.17	0.880493162645108
1.11	1.26	1.185	0.888636988134316
1.11	2.07	1.59	0.897445548815836
1.11	1.24	1.175	0.903562333739519
0.44	1.11	0.775	0.917981601178866
0.67	1.11	0.89	0.882385773554639
0.72	1.11	0.915	0.952695965536075
0.59	1.11	0.85	0.910458300875729
0.25	1.11	0.68	0.937594771835332
0.43	1.11	0.77	0.931054416443103
0.46	1.11	0.785	0.951348742054258
0.48	1.11	0.795	0.97547882130876
0.4	1.11	0.755	0.955517717885633
1.11	1.48	1.295	0.958894160321829
1.11	1.21	1.16	0.967650233848416
1.11	1.33	1.22	0.946373559647063
0.7	1.11	0.905	0.922845854137406
0.59	1.11	0.85	0.908805563492807
1.11	1.34	1.225	0.926516929041991
0.22	1.11	0.665	0.912634822177405
0.88	0.98	0.93	0.922338523064716
0.51	0.98	0.745	0.928260246521399
0.43	0.98	0.705	0.918192341730986
0.98	1.02	1	0.932257131058005
0.98	1.66	1.32	0.898905772067043
0.66	0.98	0.82	0.891587284929585
0.57	0.98	0.775	0.933836170052655
0.98	2.01	1.495	0.921533150251604
0.98	1.45	1.215	0.874423265959572
0.98	1.23	1.105	0.912482522738694
0.98	1.26	1.12	0.93204257138342
0.98	2.07	1.525	0.92066419048695
0.98	1.24	1.11	0.919663135622319
0.44	0.98	0.71	0.942075059913083
0.67	0.98	0.825	0.914045719911558
0.72	0.98	0.85	0.948899764079085
0.59	0.98	0.785	0.938840894499488
0.25	0.98	0.615	0.91943729716
0.43	0.98	0.705	0.929974126981452
0.46	0.98	0.72	0.925940615880704
0.48	0.98	0.73	0.945991418356991
0.4	0.98	0.69	0.976001714041308
0.98	1.48	1.23	0.937806821658375
0.98	1.21	1.095	0.944338647156612
0.98	1.33	1.155	0.94116035443884
0.7	0.98	0.84	0.919572762771309
0.59	0.98	0.785	0.943862164649411
0.98	1.34	1.16	0.951046079955877
0.22	0.98	0.6	0.946402408241942
0.51	0.88	0.695	0.840260994813261
0.43	0.88	0.655	0.845497343534089
0.88	1.02	0.95	0.951805000096493
0.88	1.66	1.27	0.910705905833785
0.66	0.88	0.77	0.895184429029929
0.57	0.88	0.725	0.940644893430128
0.88	2.01	1.445	0.92568753304011
0.88	1.45	1.165	0.84726798674303
0.88	1.23	1.055	0.932486083474946
0.88	1.26	1.07	0.942993228044369
0.88	2.07	1.475	0.853823063793832
0.88	1.24	1.06	0.91825013341838
0.44	0.88	0.66	0.927894363923171
0.67	0.88	0.775	0.919521945416142
0.72	0.88	0.8	0.964601050822455
0.59	0.88	0.735	0.932874959330152
0.25	0.88	0.565	0.929710120001286
0.43	0.88	0.655	0.928955908406021
0.46	0.88	0.67	0.941968197418456
0.48	0.88	0.68	0.955790260195361
0.4	0.88	0.64	0.975730641628346
0.88	1.48	1.18	0.962534024399208
0.88	1.21	1.045	0.958033626243586
0.88	1.33	1.105	0.956327162747158
0.7	0.88	0.79	0.895499575603429
0.59	0.88	0.735	0.784637768828779
0.88	1.34	1.11	0.943201267907693
0.22	0.88	0.55	0.907798177048507
0.43	0.51	0.47	0.858771553440943
0.51	1.02	0.765	0.960501313194807
0.51	1.66	1.085	0.915925284767844
0.51	0.66	0.585	0.885435227457413
0.51	0.57	0.54	0.95474055623443
0.51	2.01	1.26	0.935595994590594
0.51	1.45	0.98	0.836614221297523
0.51	1.23	0.87	0.932541340291581
0.51	1.26	0.885	0.942877019792812
0.51	2.07	1.29	0.858954570891773
0.51	1.24	0.875	0.913589715620505
0.44	0.51	0.475	0.905614158172675
0.51	0.67	0.59	0.91493537882324
0.51	0.72	0.615	0.964141653996592
0.51	0.59	0.55	0.929971183131429
0.25	0.51	0.38	0.940984320628521
0.43	0.51	0.47	0.938985794046338
0.46	0.51	0.485	0.956779836490977
0.48	0.51	0.495	0.971558361018908
0.4	0.51	0.455	0.975381303443445
0.51	1.48	0.995	0.969083049200436
0.51	1.21	0.86	0.967206618453377
0.51	1.33	0.92	0.962224061271769
0.51	0.7	0.605	0.903194989775698
0.51	0.59	0.55	0.842911293535707
0.51	1.34	0.925	0.941667245948298
0.22	0.51	0.365	0.905163659673955
0.43	1.02	0.725	0.959563862297081
0.43	1.66	1.045	0.909990954284374
0.43	0.66	0.545	0.894539968416576
0.43	0.57	0.5	0.929883182557468
0.43	2.01	1.22	0.906483658008212
0.43	1.45	0.94	0.846539202720598
0.43	1.23	0.83	0.924842925501519
0.43	1.26	0.845	0.937817036411292
0.43	2.07	1.25	0.831999251794066
0.43	1.24	0.835	0.906619108124851
0.43	0.44	0.435	0.936266024194149
0.43	0.67	0.55	0.926797728308086
0.43	0.72	0.575	0.956715477754357
0.43	0.59	0.51	0.942384716264839
0.25	0.43	0.34	0.9281568338959
0.43	0.43	0.43	0.926711067415847
0.43	0.46	0.445	0.93447585499657
0.43	0.48	0.455	0.945551288761114
0.4	0.43	0.415	0.976318702859365
0.43	1.48	0.955	0.958771934358968
0.43	1.21	0.82	0.959106481563232
0.43	1.33	0.88	0.954868990416867
0.43	0.7	0.565	0.88266430508669
0.43	0.59	0.51	0.854237128403151
0.43	1.34	0.885	0.952096626680469
0.22	0.43	0.325	0.921723096212314
1.02	1.66	1.34	0.910396757963749
0.66	1.02	0.84	0.913924747526265
0.57	1.02	0.795	0.930942966114674
1.02	2.01	1.515	0.915962583255663
1.02	1.45	1.235	0.908655674312222
1.02	1.23	1.125	0.932586623106359
1.02	1.26	1.14	0.931560099614522
1.02	2.07	1.545	0.956892210797796
1.02	1.24	1.13	0.922746654913468
0.44	1.02	0.73	0.958101305738797
0.67	1.02	0.845	0.913523363301399
0.72	1.02	0.87	0.932575789332165
0.59	1.02	0.805	0.949738221207579
0.25	1.02	0.635	0.949947753200857
0.43	1.02	0.725	0.965230192075345
0.46	1.02	0.74	0.953865638757078
0.48	1.02	0.75	0.958220999944346
0.4	1.02	0.71	0.975173993949291
1.02	1.48	1.25	0.927232472936016
1.02	1.21	1.115	0.94825987231622
1.02	1.33	1.175	0.898111195507796
0.7	1.02	0.86	0.956212085510004
0.59	1.02	0.805	0.9616777796402
1.02	1.34	1.18	0.947608783108115
0.22	1.02	0.62	0.965604111955899
0.66	1.66	1.16	0.791177032190117
0.57	1.66	1.115	0.922601533599279
1.66	2.01	1.835	0.910911220435845
1.45	1.66	1.555	0.836060713752223
1.23	1.66	1.445	0.892401230609553
1.26	1.66	1.46	0.89793503319039
1.66	2.07	1.865	0.909829359257361
1.24	1.66	1.45	0.879079949865814
0.44	1.66	1.05	0.934044211798929
0.67	1.66	1.165	0.89756985730308
0.72	1.66	1.19	0.948037603385944
0.59	1.66	1.125	0.939164670901554
0.25	1.66	0.955	0.919410704867693
0.43	1.66	1.045	0.935349519732894
0.46	1.66	1.06	0.958003331556834
0.48	1.66	1.07	0.969495870796595
0.4	1.66	1.03	0.976631766591281
1.48	1.66	1.57	0.956422902487304
1.21	1.66	1.435	0.958231514979765
1.33	1.66	1.495	0.937397940367568
0.7	1.66	1.18	0.89940207106957
0.59	1.66	1.125	0.921499478289789
1.34	1.66	1.5	0.938547536459725
0.22	1.66	0.94	0.949550211151595
0.57	0.66	0.615	0.925724933799931
0.66	2.01	1.335	0.899220741803958
0.66	1.45	1.055	0.828676812547595
0.66	1.23	0.945	0.886094469294337
0.66	1.26	0.96	0.893822498488721
0.66	2.07	1.365	0.875305165916719
0.66	1.24	0.95	0.872243436723701
0.44	0.66	0.55	0.924942062522113
0.66	0.67	0.665	0.880100272612149
0.66	0.72	0.69	0.945001496286963
0.59	0.66	0.625	0.92780185252462
0.25	0.66	0.455	0.904607850127551
0.43	0.66	0.545	0.923173352741292
0.46	0.66	0.56	0.943791962075035
0.48	0.66	0.57	0.965541481200179
0.4	0.66	0.53	0.973125097410856
0.66	1.48	1.07	0.94960526313461
0.66	1.21	0.935	0.955400296285108
0.66	1.33	0.995	0.927832847140566
0.66	0.7	0.68	0.894743390087306
0.59	0.66	0.625	0.895454290515631
0.66	1.34	1	0.927506129619847
0.22	0.66	0.44	0.936270080571634
0.57	2.01	1.29	0.913104930012604
0.57	1.45	1.01	0.929708228273347
0.57	1.23	0.9	0.945939916053437
0.57	1.26	0.915	0.948659958546877
0.57	2.07	1.32	0.917402526183938
0.57	1.24	0.905	0.923739503890685
0.44	0.57	0.505	0.971802266936492
0.57	0.67	0.62	0.935436996456378
0.57	0.72	0.645	0.956550699202869
0.57	0.59	0.58	0.969038908616213
0.25	0.57	0.41	0.933703107815754
0.43	0.57	0.5	0.953553013417027
0.46	0.57	0.515	0.933770625031498
0.48	0.57	0.525	0.959576986165083
0.4	0.57	0.485	0.987512750867174
0.57	1.48	1.025	0.944612726783197
0.57	1.21	0.89	0.928436692956863
0.57	1.33	0.95	0.931100891941161
0.57	0.7	0.635	0.93850228777181
0.57	0.59	0.58	0.946920087911503
0.57	1.34	0.955	0.965542545369228
0.22	0.57	0.395	0.973337898713626
1.45	2.01	1.73	0.904118238675011
1.23	2.01	1.62	0.946065404288711
1.26	2.01	1.635	0.949164335398266
2.01	2.07	2.04	0.910681307233522
1.24	2.01	1.625	0.921377354577818
0.44	2.01	1.225	0.958129611443613
0.67	2.01	1.34	0.927913898366931
0.72	2.01	1.365	0.951249236745346
0.59	2.01	1.3	0.961120611688628
0.25	2.01	1.13	0.949911771690205
0.43	2.01	1.22	0.960597935873788
0.46	2.01	1.235	0.932523579526122
0.48	2.01	1.245	0.951963415477618
0.4	2.01	1.205	0.977418369471477
1.48	2.01	1.745	0.939432288380729
1.21	2.01	1.61	0.936562816380912
1.33	2.01	1.67	0.921282063385557
0.7	2.01	1.355	0.932488574710792
0.59	2.01	1.3	0.923128872033471
1.34	2.01	1.675	0.958560096738899
0.22	2.01	1.115	0.958077045854423
1.23	1.45	1.34	0.862787118417189
1.26	1.45	1.355	0.880627435479938
1.45	2.07	1.76	0.856606468032225
1.24	1.45	1.345	0.863808300077775
0.44	1.45	0.945	0.90857186323021
0.67	1.45	1.06	0.860652550607286
0.72	1.45	1.085	0.941858532868031
0.59	1.45	1.02	0.914449515857519
0.25	1.45	0.85	0.918016299364826
0.43	1.45	0.94	0.920518898221722
0.46	1.45	0.955	0.953197908913799
0.48	1.45	0.965	0.96962202177087
0.4	1.45	0.925	0.967016234009699
1.45	1.48	1.465	0.953719459898194
1.21	1.45	1.33	0.962891346529626
1.33	1.45	1.39	0.936897224942899
0.7	1.45	1.075	0.874701129955039
0.59	1.45	1.02	0.856277030250517
1.34	1.45	1.395	0.922880945657158
0.22	1.45	0.835	0.905088919590127
1.23	1.26	1.245	0.539597244073474
1.23	2.07	1.65	0.935528230997871
1.23	1.24	1.235	0.88683684147586
0.44	1.23	0.835	0.933733295237904
0.67	1.23	0.95	0.87827305156466
0.72	1.23	0.975	0.940138067130147
0.59	1.23	0.91	0.935729238572483
0.25	1.23	0.74	0.943486529439885
0.43	1.23	0.83	0.951539209042726
0.46	1.23	0.845	0.972562500484673
0.48	1.23	0.855	0.982072761675157
0.4	1.23	0.815	0.970869595368891
1.23	1.48	1.355	0.937385749553222
1.21	1.23	1.22	0.97793848329789
1.23	1.33	1.28	0.909606356736698
0.7	1.23	0.965	0.908388736647712
0.59	1.23	0.91	0.939653096344549
1.23	1.34	1.285	0.864114568106927
0.22	1.23	0.725	0.94415685047833
1.26	2.07	1.665	0.937884354378145
1.24	1.26	1.25	0.910381012325531
0.44	1.26	0.85	0.943161033641174
0.67	1.26	0.965	0.894645228341065
0.72	1.26	0.99	0.942512629499347
0.59	1.26	0.925	0.949424872083868
0.25	1.26	0.755	0.953932875578437
0.43	1.26	0.845	0.961149010617556
0.46	1.26	0.86	0.978322809918906
0.48	1.26	0.87	0.984513746235637
0.4	1.26	0.83	0.975070452534591
1.26	1.48	1.37	0.94154398559158
1.21	1.26	1.235	0.980203199955519
1.26	1.33	1.295	0.908967698546384
0.7	1.26	0.98	0.920273953801601
0.59	1.26	0.925	0.945481534660087
1.26	1.34	1.3	0.873775468068948
0.22	1.26	0.74	0.950563148102209
1.24	2.07	1.655	0.915362254922499
0.44	2.07	1.255	0.938645726304077
0.67	2.07	1.37	0.930082803461116
0.72	2.07	1.395	0.96865144223498
0.59	2.07	1.33	0.939349733944805
0.25	2.07	1.16	0.917781765284322
0.43	2.07	1.25	0.921056848145616
0.46	2.07	1.265	0.922237946071486
0.48	2.07	1.275	0.945613303042724
0.4	2.07	1.235	0.978078510740261
1.48	2.07	1.775	0.961965653402418
1.21	2.07	1.64	0.946529143125151
1.33	2.07	1.7	0.953842417447664
0.7	2.07	1.385	0.891967280290224
0.59	2.07	1.33	0.833699614575425
1.34	2.07	1.705	0.956431255921698
0.22	2.07	1.145	0.937446368794427
0.44	1.24	0.84	0.907791327780184
0.67	1.24	0.955	0.859798602480496
0.72	1.24	0.98	0.942083522607747
0.59	1.24	0.915	0.925053564846502
0.25	1.24	0.745	0.93519541201975
0.43	1.24	0.835	0.928384860007363
0.46	1.24	0.85	0.949291151181555
0.48	1.24	0.86	0.96140554692216
0.4	1.24	0.82	0.980759734100984
1.24	1.48	1.36	0.95007213136878
1.21	1.24	1.225	0.954623941090452
1.24	1.33	1.285	0.938128159640858
0.7	1.24	0.97	0.905679490879198
0.59	1.24	0.915	0.924945297606368
1.24	1.34	1.29	0.935500174617067
0.22	1.24	0.73	0.934556960192536
0.44	0.67	0.555	0.900252845625508
0.44	0.72	0.58	0.949508643541031
0.44	0.59	0.515	0.902173172715193
0.25	0.44	0.345	0.950532235458023
0.43	0.44	0.435	0.952446710219439
0.44	0.46	0.45	0.971226855949458
0.44	0.48	0.46	0.975024864644602
0.4	0.44	0.42	0.982133658481975
0.44	1.48	0.96	0.973589139468508
0.44	1.21	0.825	0.974787248823059
0.44	1.33	0.885	0.965603578550901
0.44	0.7	0.57	0.933020827121621
0.44	0.59	0.515	0.936271818172601
0.44	1.34	0.89	0.949632273404986
0.22	0.44	0.33	0.923101722841678
0.67	0.72	0.695	0.897572614758066
0.59	0.67	0.63	0.875069867637972
0.25	0.67	0.46	0.945828667826807
0.43	0.67	0.55	0.946508043034531
0.46	0.67	0.565	0.954261257953091
0.48	0.67	0.575	0.96591302225508
0.4	0.67	0.535	0.95809453545856
0.67	1.48	1.075	0.927244125168125
0.67	1.21	0.94	0.956423367925752
0.67	1.33	1	0.898206149921967
0.67	0.7	0.685	0.931630467558573
0.59	0.67	0.63	0.928272213447215
0.67	1.34	1.005	0.89552082580032
0.22	0.67	0.445	0.929758220373088
0.59	0.72	0.655	0.939447274921481
0.25	0.72	0.485	0.965668800500154
0.43	0.72	0.575	0.955435398792941
0.46	0.72	0.59	0.961078999715756
0.48	0.72	0.6	0.969703897640996
0.4	0.72	0.56	0.956758429930405
0.72	1.48	1.1	0.934457487544752
0.72	1.21	0.965	0.965226398693413
0.72	1.33	1.025	0.92664844736753
0.7	0.72	0.71	0.961806098409446
0.59	0.72	0.655	0.965008591252779
0.72	1.34	1.03	0.948481926494066
0.22	0.72	0.47	0.966455405284734
0.25	0.59	0.42	0.957024041230886
0.43	0.59	0.51	0.951077851463522
0.46	0.59	0.525	0.950101276466853
0.48	0.59	0.535	0.964896256465773
0.4	0.59	0.495	0.96666123686239
0.59	1.48	1.035	0.940721126968278
0.59	1.21	0.9	0.970519975312873
0.59	1.33	0.96	0.935483915570475
0.59	0.7	0.645	0.945115476015522
0.59	0.59	0.59	0.945475257559775
0.59	1.34	0.965	0.947439126641271
0.22	0.59	0.405	0.933963265627108
0.25	0.43	0.34	0.875195669345827
0.25	0.46	0.355	0.941556014833176
0.25	0.48	0.365	0.965165892381708
0.25	0.4	0.325	0.987872984308227
0.25	1.48	0.865	0.97337309976075
0.25	1.21	0.73	0.938551866004529
0.25	1.33	0.79	0.958578863382828
0.25	0.7	0.475	0.937984081897663
0.25	0.59	0.42	0.948447111306145
0.25	1.34	0.795	0.969660040526382
0.22	0.25	0.235	0.971117806861773
0.43	0.46	0.445	0.933174269724458
0.43	0.48	0.455	0.958356079092938
0.4	0.43	0.415	0.979345103000247
0.43	1.48	0.955	0.9631495598702
0.43	1.21	0.82	0.931977514787348
0.43	1.33	0.88	0.968789113584958
0.43	0.7	0.565	0.9481435949053
0.43	0.59	0.51	0.951989975785712
0.43	1.34	0.885	0.973807011177987
0.22	0.43	0.325	0.968304319103576
0.46	0.48	0.47	0.903767419530827
0.4	0.46	0.43	0.977286399628036
0.46	1.48	0.97	0.938794186656098
0.46	1.21	0.835	0.904691920251044
0.46	1.33	0.895	0.948066029179448
0.46	0.7	0.58	0.945726382292724
0.46	0.59	0.525	0.951091337218053
0.46	1.34	0.9	0.979381911030253
0.22	0.46	0.34	0.971481267824952
0.4	0.48	0.44	0.977974431087717
0.48	1.48	0.98	0.945841425500007
0.48	1.21	0.845	0.904112560076448
0.48	1.33	0.905	0.952404877779956
0.48	0.7	0.59	0.967531555036553
0.48	0.59	0.535	0.960654253660425
0.48	1.34	0.91	0.984250361729312
0.22	0.48	0.35	0.975641274640843
0.4	1.48	0.94	0.962555393650955
0.4	1.21	0.805	0.978598892954365
0.4	1.33	0.865	0.965624468451865
0.4	0.7	0.55	0.978363096652899
0.4	0.59	0.495	0.970983572188173
0.4	1.34	0.87	0.917349160665577
0.22	0.4	0.31	0.953171561137325
1.21	1.48	1.345	0.943245773931397
1.33	1.48	1.405	0.848163066161005
0.7	1.48	1.09	0.96306809130714
0.59	1.48	1.035	0.962708264136663
1.34	1.48	1.41	0.932145415442825
0.22	1.48	0.85	0.970522824038974
1.21	1.33	1.27	0.951355696489376
0.7	1.21	0.955	0.956130742133269
0.59	1.21	0.9	0.96233005581375
1.21	1.34	1.275	0.980653785867809
0.22	1.21	0.715	0.977514459907996
0.7	1.33	1.015	0.958814855626319
0.59	1.33	0.96	0.954676686490277
1.33	1.34	1.335	0.89873428281493
0.22	1.33	0.775	0.959750248137345
0.59	0.7	0.645	0.899757543624685
0.7	1.34	1.02	0.951559904018724
0.22	0.7	0.46	0.93516612551289
0.59	1.34	0.965	0.92565121537485
0.22	0.59	0.405	0.897127035421639
0.22	1.34	0.78	0.92053858304752
