"TOC.x1"	"TOC.x2"	"TOC.mid"	"ASV.dist"
3.7105	4.06	3.88525	0.934137316809441
3.7105	6.898	5.30425	0.953455023808617
3.7105	6.944	5.32725	0.906468927448292
3.7105	4.395	4.05275	0.932580515246719
3.7105	6.652	5.18125	0.901483570472039
3.7105	9.613	6.66175	0.912638747980538
3.7105	11.175	7.44275	0.887504121756294
3.7105	4.114	3.91225	0.908240357434346
3.7105	7.6885	5.6995	0.892019480439463
3.7105	11.81	7.76025	0.943789307717935
3.7105	8.8315	6.271	0.917579576540009
3.7105	7.514	5.61225	0.909705664515261
3.7105	11.945	7.82775	0.928253225498359
2.854	3.7105	3.28225	0.966884083489534
0.954	3.7105	2.33225	0.882346279637426
3.7105	7.619	5.66475	0.947118402534956
3.427	3.7105	3.56875	0.897865627417414
3.7105	4.859	4.28475	0.868719071225722
3.7105	7.6015	5.656	0.910138480734967
3.7105	7.365	5.53775	0.878106465476678
3.7105	6.525	5.11775	0.969552733939934
3.7105	12.275	7.99275	0.920827907270148
1.3135	3.7105	2.512	0.877776353790818
3.7105	9.409	6.55975	0.849507616106323
3.7105	7.2185	5.4645	0.924567431427489
3.7105	7.5375	5.624	0.850569148991047
3.7105	8.522	6.11625	0.857130220054282
3.7105	7.441	5.57575	0.885213709067437
3.7105	4.9925	4.3515	0.891196148830288
3.7105	6.836	5.27325	0.880905860853226
3.7105	5.6115	4.661	0.910549297364785
3.7105	9.503	6.60675	0.868968641695539
3.7105	7.5525	5.6315	0.90601530391812
3.7105	6.107	4.90875	0.883078114179131
3.7105	7.063	5.38675	0.891986067764928
3.7105	12.545	8.12775	0.89096100748332
3.7105	10.78	7.24525	0.871848919275546
3.7105	9.1175	6.414	0.869056715783335
3.7105	5.9425	4.8265	0.874703708787943
3.7105	5.5715	4.641	0.902188978419119
3.7105	4.514	4.11225	0.870519791246264
3.7105	5.492	4.60125	0.903195277939229
3.7105	3.7675	3.739	0.871757977877909
3.7105	6.2985	5.0045	0.950718415910474
3.7105	8.0215	5.866	0.897437642159783
3.6585	3.7105	3.6845	0.872944656846365
2.8325	3.7105	3.2715	0.928068236051486
3.7105	9.6795	6.695	0.91552068186785
3.7105	7.026	5.36825	0.879804155540106
3.7105	5.8555	4.783	0.935536956278206
3.7105	7.1735	5.442	0.946127473832799
3.7105	9.1145	6.4125	0.864467927499781
3.7105	6.6945	5.2025	0.918029342067956
2.3695	3.7105	3.04	0.942954442671359
3.6215	3.7105	3.666	0.927844216227619
3.7105	4.0915	3.901	0.955895309800207
3.122	3.7105	3.41625	0.945518920892931
0.6647	3.7105	2.1876	0.920206696374177
0.3441	3.7105	2.0273	0.932062910030903
2.588	3.7105	3.14925	0.922223090381799
2.542	3.7105	3.12625	0.958364004837877
3.49	3.7105	3.60025	0.965629971471212
3.7105	7.1105	5.4105	0.955342060734846
3.7105	7.0695	5.39	0.950665332566874
3.7105	6.576	5.14325	0.943447373543666
3.7105	5.0125	4.3615	0.896866646511029
3.7105	6.2165	4.9635	0.886767337953575
3.7105	12.895	8.30275	0.950603894496724
3.7105	6.3915	5.051	0.939030637915434
4.06	6.898	5.479	0.904193860630114
4.06	6.944	5.502	0.910403630541701
4.06	4.395	4.2275	0.872172938909322
4.06	6.652	5.356	0.931889148067414
4.06	9.613	6.8365	0.948651003413258
4.06	11.175	7.6175	0.92571895107507
4.06	4.114	4.087	0.92809986047254
4.06	7.6885	5.87425	0.921973991585697
4.06	11.81	7.935	0.854992938245481
4.06	8.8315	6.44575	0.931340827870487
4.06	7.514	5.787	0.939369838809149
4.06	11.945	8.0025	0.919769435848446
2.854	4.06	3.457	0.980002570504042
0.954	4.06	2.507	0.921806994376491
4.06	7.619	5.8395	0.968982365567508
3.427	4.06	3.7435	0.876121235481559
4.06	4.859	4.4595	0.914238308528814
4.06	7.6015	5.83075	0.953899018667907
4.06	7.365	5.7125	0.929442820165878
4.06	6.525	5.2925	0.983956476338674
4.06	12.275	8.1675	0.925517515816897
1.3135	4.06	2.68675	0.905260912830815
4.06	9.409	6.7345	0.908443107729156
4.06	7.2185	5.63925	0.918077366706085
4.06	7.5375	5.79875	0.918249856545406
4.06	8.522	6.291	0.912282344410259
4.06	7.441	5.7505	0.933759091937542
4.06	4.9925	4.52625	0.935234769136312
4.06	6.836	5.448	0.910456144107404
4.06	5.6115	4.83575	0.906448073503814
4.06	9.503	6.7815	0.937450348925061
4.06	7.5525	5.80625	0.891164165475684
4.06	6.107	5.0835	0.88800062852164
4.06	7.063	5.5615	0.919259134423438
4.06	12.545	8.3025	0.928925622932683
4.06	10.78	7.42	0.932908976918713
4.06	9.1175	6.58875	0.926913794737093
4.06	5.9425	5.00125	0.854691591319764
4.06	5.5715	4.81575	0.920421311705837
4.06	4.514	4.287	0.927180185102859
4.06	5.492	4.776	0.916971564496138
3.7675	4.06	3.91375	0.933213334189332
4.06	6.2985	5.17925	0.927958360402268
4.06	8.0215	6.04075	0.908721580607435
3.6585	4.06	3.85925	0.890630456428509
2.8325	4.06	3.44625	0.957081250470509
4.06	9.6795	6.86975	0.950001121329891
4.06	7.026	5.543	0.87377414385599
4.06	5.8555	4.95775	0.852934917241952
4.06	7.1735	5.61675	0.869157520761429
4.06	9.1145	6.58725	0.934830707503139
4.06	6.6945	5.37725	0.916596632329188
2.3695	4.06	3.21475	0.934454173832764
3.6215	4.06	3.84075	0.873332503561087
4.06	4.0915	4.07575	0.945588692266945
3.122	4.06	3.591	0.925020001667375
0.6647	4.06	2.36235	0.953954248274573
0.3441	4.06	2.20205	0.954632859964211
2.588	4.06	3.324	0.973643204695396
2.542	4.06	3.301	0.979616841532273
3.49	4.06	3.775	0.947035776018583
4.06	7.1105	5.58525	0.944268415556658
4.06	7.0695	5.56475	0.978570416062432
4.06	6.576	5.318	0.902420504294772
4.06	5.0125	4.53625	0.939369445772858
4.06	6.2165	5.13825	0.928374358469006
4.06	12.895	8.4775	0.831074772951251
4.06	6.3915	5.22575	0.894072594062427
6.898	6.944	6.921	0.925560430470787
4.395	6.898	5.6465	0.884730295309968
6.652	6.898	6.775	0.954357891239095
6.898	9.613	8.2555	0.947590152257793
6.898	11.175	9.0365	0.956771222591854
4.114	6.898	5.506	0.936044026532873
6.898	7.6885	7.29325	0.920190208066244
6.898	11.81	9.354	0.891372157210831
6.898	8.8315	7.86475	0.925823670431506
6.898	7.514	7.206	0.945259706395348
6.898	11.945	9.4215	0.946977479633307
2.854	6.898	4.876	0.98508947811351
0.954	6.898	3.926	0.927251589465656
6.898	7.619	7.2585	0.98026629282802
3.427	6.898	5.1625	0.891765257698229
4.859	6.898	5.8785	0.917703008359943
6.898	7.6015	7.24975	0.953214744589775
6.898	7.365	7.1315	0.92939751363333
6.525	6.898	6.7115	0.982201084938782
6.898	12.275	9.5865	0.94829382551759
1.3135	6.898	4.10575	0.895482696445229
6.898	9.409	8.1535	0.927296942943974
6.898	7.2185	7.05825	0.887377681490195
6.898	7.5375	7.21775	0.930685976683262
6.898	8.522	7.71	0.929082856898976
6.898	7.441	7.1695	0.944147200485941
4.9925	6.898	5.94525	0.935853178876506
6.836	6.898	6.867	0.933768081610759
5.6115	6.898	6.25475	0.874624156242538
6.898	9.503	8.2005	0.935423217745745
6.898	7.5525	7.22525	0.897024630616472
6.107	6.898	6.5025	0.882820386136538
6.898	7.063	6.9805	0.929399883858785
6.898	12.545	9.7215	0.927443387150919
6.898	10.78	8.839	0.938082808395305
6.898	9.1175	8.00775	0.934948581850015
5.9425	6.898	6.42025	0.92355117446554
5.5715	6.898	6.23475	0.9520283768266
4.514	6.898	5.706	0.938205473932736
5.492	6.898	6.195	0.947600098042524
3.7675	6.898	5.33275	0.944702057641071
6.2985	6.898	6.59825	0.937808944076904
6.898	8.0215	7.45975	0.930565508642973
3.6585	6.898	5.27825	0.927695190716501
2.8325	6.898	4.86525	0.951817730762605
6.898	9.6795	8.28875	0.951537724868244
6.898	7.026	6.962	0.910912418973256
5.8555	6.898	6.37675	0.858659178749786
6.898	7.1735	7.03575	0.867336533909575
6.898	9.1145	8.00625	0.951659539434104
6.6945	6.898	6.79625	0.919603417245452
2.3695	6.898	4.63375	0.942741651190597
3.6215	6.898	5.25975	0.902068398250015
4.0915	6.898	5.49475	0.948740983400308
3.122	6.898	5.01	0.946780841095306
0.6647	6.898	3.78135	0.964217861494126
0.3441	6.898	3.62105	0.965881350675211
2.588	6.898	4.743	0.978362160806738
2.542	6.898	4.72	0.986716248999333
3.49	6.898	5.194	0.957063475213581
6.898	7.1105	7.00425	0.947880643550208
6.898	7.0695	6.98375	0.980839394030142
6.576	6.898	6.737	0.927592767005041
5.0125	6.898	5.95525	0.948080415971965
6.2165	6.898	6.55725	0.930450000939764
6.898	12.895	9.8965	0.876127872662649
6.3915	6.898	6.64475	0.944515664020599
4.395	6.944	5.6695	0.92604345268683
6.652	6.944	6.798	0.860693427298391
6.944	9.613	8.2785	0.868490126372336
6.944	11.175	9.0595	0.943144022057012
4.114	6.944	5.529	0.811816043142133
6.944	7.6885	7.31625	0.874733525809222
6.944	11.81	9.377	0.950934254313974
6.944	8.8315	7.88775	0.868673610091216
6.944	7.514	7.229	0.850808505929141
6.944	11.945	9.4445	0.922157963546556
2.854	6.944	4.899	0.947320445470712
0.954	6.944	3.949	0.908802252185556
6.944	7.619	7.2815	0.935038202500425
3.427	6.944	5.1855	0.90726017236504
4.859	6.944	5.9015	0.897537185591195
6.944	7.6015	7.27275	0.916709679344332
6.944	7.365	7.1545	0.868440703683133
6.525	6.944	6.7345	0.950143717121772
6.944	12.275	9.6095	0.881792851529392
1.3135	6.944	4.12875	0.882925161432955
6.944	9.409	8.1765	0.90428309528309
6.944	7.2185	7.08125	0.934777338564138
6.944	7.5375	7.24075	0.904308237121891
6.944	8.522	7.733	0.906908916503627
6.944	7.441	7.1925	0.932825890183283
4.9925	6.944	5.96825	0.890563479000689
6.836	6.944	6.89	0.923585242396111
5.6115	6.944	6.27775	0.912476119574727
6.944	9.503	8.2235	0.899254840753893
6.944	7.5525	7.24825	0.901200356444062
6.107	6.944	6.5255	0.918240007573332
6.944	7.063	7.0035	0.842812527106221
6.944	12.545	9.7445	0.892913449231451
6.944	10.78	8.862	0.883275061276168
6.944	9.1175	8.03075	0.867911447205596
5.9425	6.944	6.44325	0.898417911428039
5.5715	6.944	6.25775	0.887137006920787
4.514	6.944	5.729	0.924290043582331
5.492	6.944	6.218	0.932114586779155
3.7675	6.944	5.35575	0.910984937083794
6.2985	6.944	6.62125	0.919516700573731
6.944	8.0215	7.48275	0.854947947691848
3.6585	6.944	5.30125	0.856796724025335
2.8325	6.944	4.88825	0.868784863007504
6.944	9.6795	8.31175	0.906117482642816
6.944	7.026	6.985	0.870242600157758
5.8555	6.944	6.39975	0.883526936286957
6.944	7.1735	7.05875	0.894548142823467
6.944	9.1145	8.02925	0.901837555753592
6.6945	6.944	6.81925	0.885128291824522
2.3695	6.944	4.65675	0.94353342465594
3.6215	6.944	5.28275	0.892637400978082
4.0915	6.944	5.51775	0.949073905206199
3.122	6.944	5.033	0.928829946016663
0.6647	6.944	3.80435	0.903108149815804
0.3441	6.944	3.64405	0.908492761056649
2.588	6.944	4.766	0.93002551916511
2.542	6.944	4.743	0.95390815780672
3.49	6.944	5.217	0.982523165315937
6.944	7.1105	7.02725	0.946591304042531
6.944	7.0695	7.00675	0.940004523808337
6.576	6.944	6.76	0.929064852675767
5.0125	6.944	5.97825	0.91210885617264
6.2165	6.944	6.58025	0.940899026199587
6.944	12.895	9.9195	0.949747366295192
6.3915	6.944	6.66775	0.9461477546127
4.395	6.652	5.5235	0.936866113562712
4.395	9.613	7.004	0.943268927576913
4.395	11.175	7.785	0.938351044209484
4.114	4.395	4.2545	0.943418192167341
4.395	7.6885	6.04175	0.901176769063653
4.395	11.81	8.1025	0.896983861669056
4.395	8.8315	6.61325	0.912686479041557
4.395	7.514	5.9545	0.936945732844318
4.395	11.945	8.17	0.916563341946879
2.854	4.395	3.6245	0.977346587805952
0.954	4.395	2.6745	0.916259929374303
4.395	7.619	6.007	0.959854156756277
3.427	4.395	3.911	0.848674390376204
4.395	4.859	4.627	0.890616657111853
4.395	7.6015	5.99825	0.947757833767945
4.395	7.365	5.88	0.89615737170337
4.395	6.525	5.46	0.984858378997165
4.395	12.275	8.335	0.91291953439884
1.3135	4.395	2.85425	0.872473569189957
4.395	9.409	6.902	0.905565304172647
4.395	7.2185	5.80675	0.87703562221019
4.395	7.5375	5.96625	0.907609592148168
4.395	8.522	6.4585	0.903929605930734
4.395	7.441	5.918	0.921102444013992
4.395	4.9925	4.69375	0.919955615783075
4.395	6.836	5.6155	0.922295377786829
4.395	5.6115	5.00325	0.864114114424704
4.395	9.503	6.949	0.916818748962641
4.395	7.5525	5.97375	0.881871507733706
4.395	6.107	5.251	0.859060653864696
4.395	7.063	5.729	0.910918078207959
4.395	12.545	8.47	0.914946676304127
4.395	10.78	7.5875	0.913961770011525
4.395	9.1175	6.75625	0.918721577457235
4.395	5.9425	5.16875	0.891917094208363
4.395	5.5715	4.98325	0.936615693758952
4.395	4.514	4.4545	0.920645880312102
4.395	5.492	4.9435	0.913888714572031
3.7675	4.395	4.08125	0.919525274309214
4.395	6.2985	5.34675	0.928187821416872
4.395	8.0215	6.20825	0.902236868955478
3.6585	4.395	4.02675	0.894471510957834
2.8325	4.395	3.61375	0.955174543710355
4.395	9.6795	7.03725	0.947779648677406
4.395	7.026	5.7105	0.862186485363769
4.395	5.8555	5.12525	0.854848752206527
4.395	7.1735	5.78425	0.870450846682843
4.395	9.1145	6.75475	0.926411519942653
4.395	6.6945	5.54475	0.908819741045263
2.3695	4.395	3.38225	0.920704435293825
3.6215	4.395	4.00825	0.890126465015599
4.0915	4.395	4.24325	0.935739332088715
3.122	4.395	3.7585	0.915776711667874
0.6647	4.395	2.52985	0.957414132285336
0.3441	4.395	2.36955	0.958963162879548
2.588	4.395	3.4915	0.976761491541792
2.542	4.395	3.4685	0.976974462983384
3.49	4.395	3.9425	0.962773103405631
4.395	7.1105	5.75275	0.950709804687191
4.395	7.0695	5.73225	0.976040776203257
4.395	6.576	5.4855	0.920148398231099
4.395	5.0125	4.70375	0.921397276893279
4.395	6.2165	5.30575	0.927533625495297
4.395	12.895	8.645	0.89540246917158
4.395	6.3915	5.39325	0.930219948910228
6.652	9.613	8.1325	0.912006363715874
6.652	11.175	8.9135	0.929695811357322
4.114	6.652	5.383	0.894180104399227
6.652	7.6885	7.17025	0.916838111217116
6.652	11.81	9.231	0.953919494215947
6.652	8.8315	7.74175	0.915306573408607
6.652	7.514	7.083	0.903347097836429
6.652	11.945	9.2985	0.927196591915786
2.854	6.652	4.753	0.941225510694379
0.954	6.652	3.803	0.924812774716126
6.652	7.619	7.1355	0.942497780537477
3.427	6.652	5.0395	0.918857862612151
4.859	6.652	5.7555	0.911078197023738
6.652	7.6015	7.12675	0.916755896703679
6.652	7.365	7.0085	0.906072869872017
6.525	6.652	6.5885	0.96128126751995
6.652	12.275	9.4635	0.911338673688213
1.3135	6.652	3.98275	0.907223828493629
6.652	9.409	8.0305	0.902913606421758
6.652	7.2185	6.93525	0.930082183190265
6.652	7.5375	7.09475	0.919096332992935
6.652	8.522	7.587	0.907666707483068
6.652	7.441	7.0465	0.930001662972295
4.9925	6.652	5.82225	0.911444810145658
6.652	6.836	6.744	0.926016823534617
5.6115	6.652	6.13175	0.930395370608908
6.652	9.503	8.0775	0.909754571426061
6.652	7.5525	7.10225	0.894261693691624
6.107	6.652	6.3795	0.908799975304232
6.652	7.063	6.8575	0.899591919023956
6.652	12.545	9.5985	0.91498876271257
6.652	10.78	8.716	0.905170109091356
6.652	9.1175	7.88475	0.916015638262776
5.9425	6.652	6.29725	0.907004800659179
5.5715	6.652	6.11175	0.872474065716935
4.514	6.652	5.583	0.923405204890681
5.492	6.652	6.072	0.917189774566444
3.7675	6.652	5.20975	0.913288912724278
6.2985	6.652	6.47525	0.928811085735188
6.652	8.0215	7.33675	0.88734010362959
3.6585	6.652	5.15525	0.865534378941484
2.8325	6.652	4.74225	0.905500012554931
6.652	9.6795	8.16575	0.904490981774591
6.652	7.026	6.839	0.886507304986785
5.8555	6.652	6.25375	0.923224698346974
6.652	7.1735	6.91275	0.934453098201988
6.652	9.1145	7.88325	0.902749734332403
6.652	6.6945	6.67325	0.914332892029038
2.3695	6.652	4.51075	0.947148202895137
3.6215	6.652	5.13675	0.910970574794325
4.0915	6.652	5.37175	0.948212594173212
3.122	6.652	4.887	0.932373102836989
0.6647	6.652	3.65835	0.932709965043126
0.3441	6.652	3.49805	0.929912941134408
2.588	6.652	4.62	0.908020399409831
2.542	6.652	4.597	0.941155699264086
3.49	6.652	5.071	0.969791629622294
6.652	7.1105	6.88125	0.938736977958626
6.652	7.0695	6.86075	0.920797533444061
6.576	6.652	6.614	0.93028901342
5.0125	6.652	5.83225	0.914096009484782
6.2165	6.652	6.43425	0.934412963465913
6.652	12.895	9.7735	0.953255809451885
6.3915	6.652	6.52175	0.948429365881085
9.613	11.175	10.394	0.932464918077737
4.114	9.613	6.8635	0.867947702634011
7.6885	9.613	8.65075	0.823922210151119
9.613	11.81	10.7115	0.957513809137947
8.8315	9.613	9.22225	0.899754833590235
7.514	9.613	8.5635	0.79946922668723
9.613	11.945	10.779	0.947905945591977
2.854	9.613	6.2335	0.950578675347791
0.954	9.613	5.2835	0.915075388880075
7.619	9.613	8.616	0.929629410834284
3.427	9.613	6.52	0.917285210968998
4.859	9.613	7.236	0.872109671232352
7.6015	9.613	8.60725	0.918011793206932
7.365	9.613	8.489	0.852429833666405
6.525	9.613	8.069	0.919662490294419
9.613	12.275	10.944	0.922070840632943
1.3135	9.613	5.46325	0.872783322326881
9.409	9.613	9.511	0.890775552287214
7.2185	9.613	8.41575	0.932873167825734
7.5375	9.613	8.57525	0.845063637239902
8.522	9.613	9.0675	0.888183196374527
7.441	9.613	8.527	0.910809333921582
4.9925	9.613	7.30275	0.849805971068247
6.836	9.613	8.2245	0.903623081959184
5.6115	9.613	7.61225	0.906496791351004
9.503	9.613	9.558	0.874125067845506
7.5525	9.613	8.58275	0.916448869056379
6.107	9.613	7.86	0.916346534630225
7.063	9.613	8.338	0.805748190978252
9.613	12.545	11.079	0.831129846088256
9.613	10.78	10.1965	0.820913500906814
9.1175	9.613	9.36525	0.853910768756531
5.9425	9.613	7.77775	0.931134488232968
5.5715	9.613	7.59225	0.92871333708586
4.514	9.613	7.0635	0.916082098270143
5.492	9.613	7.5525	0.921867309343867
3.7675	9.613	6.69025	0.899058549079042
6.2985	9.613	7.95575	0.943552310409383
8.0215	9.613	8.81725	0.903790188639914
3.6585	9.613	6.63575	0.897432117365587
2.8325	9.613	6.22275	0.875627161771174
9.613	9.6795	9.64625	0.89425363678095
7.026	9.613	8.3195	0.888201002880727
5.8555	9.613	7.73425	0.942556251032807
7.1735	9.613	8.39325	0.938760841041602
9.1145	9.613	9.36375	0.881084822521764
6.6945	9.613	8.15375	0.918409349325937
2.3695	9.613	5.99125	0.967601967417164
3.6215	9.613	6.61725	0.940364935905557
4.0915	9.613	6.85225	0.963502209553908
3.122	9.613	6.3675	0.963970947187446
0.6647	9.613	5.13885	0.919450528792023
0.3441	9.613	4.97855	0.946755113170835
2.588	9.613	6.1005	0.934143347742907
2.542	9.613	6.0775	0.955983415301329
3.49	9.613	6.5515	0.982542967157201
7.1105	9.613	8.36175	0.961259123112435
7.0695	9.613	8.34125	0.943172083753213
6.576	9.613	8.0945	0.955648726935592
5.0125	9.613	7.31275	0.914204793321414
6.2165	9.613	7.91475	0.905530738946826
9.613	12.895	11.254	0.96445101703486
6.3915	9.613	8.00225	0.956453726833663
4.114	11.175	7.6445	0.960265427283063
7.6885	11.175	9.43175	0.915293202294496
11.175	11.81	11.4925	0.939274502083547
8.8315	11.175	10.00325	0.950927636578847
7.514	11.175	9.3445	0.941613933012289
11.175	11.945	11.56	0.951557395464781
2.854	11.175	7.0145	0.978116229281237
0.954	11.175	6.0645	0.890951429524859
7.619	11.175	9.397	0.951511407339527
3.427	11.175	7.301	0.906453538186651
4.859	11.175	8.017	0.885420359970586
7.6015	11.175	9.38825	0.931892706534282
7.365	11.175	9.27	0.898252226674631
6.525	11.175	8.85	0.977778867835303
11.175	12.275	11.725	0.952282093087788
1.3135	11.175	6.24425	0.89670678873379
9.409	11.175	10.292	0.850819506423837
7.2185	11.175	9.19675	0.935380594282169
7.5375	11.175	9.35625	0.87034900709558
8.522	11.175	9.8485	0.866503104431751
7.441	11.175	9.308	0.87662258026563
4.9925	11.175	8.08375	0.901977860288402
6.836	11.175	9.0055	0.847778269351824
5.6115	11.175	8.39325	0.911888264490402
9.503	11.175	10.339	0.862982876876203
7.5525	11.175	9.36375	0.92032201270113
6.107	11.175	8.641	0.870206407955269
7.063	11.175	9.119	0.91057949900658
11.175	12.545	11.86	0.915831508260106
10.78	11.175	10.9775	0.870817270670634
9.1175	11.175	10.14625	0.883319792272232
5.9425	11.175	8.55875	0.882284294150266
5.5715	11.175	8.37325	0.930367068608024
4.514	11.175	7.8445	0.857069880821548
5.492	11.175	8.3335	0.853174917122121
3.7675	11.175	7.47125	0.89721201673511
6.2985	11.175	8.73675	0.951543450599607
8.0215	11.175	9.59825	0.933624273437962
3.6585	11.175	7.41675	0.892912256647621
2.8325	11.175	7.00375	0.954524132697442
9.6795	11.175	10.42725	0.927304867213203
7.026	11.175	9.1005	0.873890690014858
5.8555	11.175	8.51525	0.948557426178033
7.1735	11.175	9.17425	0.951430533017059
9.1145	11.175	10.14475	0.865059132470188
6.6945	11.175	8.93475	0.935577582669867
2.3695	11.175	6.77225	0.938554011504033
3.6215	11.175	7.39825	0.931633712405172
4.0915	11.175	7.63325	0.965953401884346
3.122	11.175	7.1485	0.948109975496637
0.6647	11.175	5.91985	0.953786428917555
0.3441	11.175	5.75955	0.955095465049815
2.588	11.175	6.8815	0.935017263891605
2.542	11.175	6.8585	0.960577967629055
3.49	11.175	7.3325	0.968626797213424
7.1105	11.175	9.14275	0.96589942905701
7.0695	11.175	9.12225	0.955863351937533
6.576	11.175	8.8755	0.952964195569668
5.0125	11.175	8.09375	0.919700821266172
6.2165	11.175	8.69575	0.86127949000574
11.175	12.895	12.035	0.942528154874161
6.3915	11.175	8.78325	0.899778000765424
4.114	7.6885	5.90125	0.870817840322762
4.114	11.81	7.962	0.95435466868769
4.114	8.8315	6.47275	0.845774892579463
4.114	7.514	5.814	0.842635636605957
4.114	11.945	8.0295	0.918265782330382
2.854	4.114	3.484	0.961211829411494
0.954	4.114	2.534	0.920908628296931
4.114	7.619	5.8665	0.94929705369414
3.427	4.114	3.7705	0.921554951832114
4.114	4.859	4.4865	0.911661846577803
4.114	7.6015	5.85775	0.90673177108669
4.114	7.365	5.7395	0.874252160599986
4.114	6.525	5.3195	0.937084005609319
4.114	12.275	8.1945	0.89939806961287
1.3135	4.114	2.71375	0.891331241052385
4.114	9.409	6.7615	0.909943650623529
4.114	7.2185	5.66625	0.919454902217067
4.114	7.5375	5.82575	0.915216165523545
4.114	8.522	6.318	0.898979562696431
4.114	7.441	5.7775	0.946629979548888
4.114	4.9925	4.55325	0.897516289195744
4.114	6.836	5.475	0.924505014208394
4.114	5.6115	4.86275	0.92385762271577
4.114	9.503	6.8085	0.904361076001717
4.114	7.5525	5.83325	0.89248355715017
4.114	6.107	5.1105	0.922114673576162
4.114	7.063	5.5885	0.844881834901636
4.114	12.545	8.3295	0.889380635228392
4.114	10.78	7.447	0.877519188883555
4.114	9.1175	6.61575	0.855661172372831
4.114	5.9425	5.02825	0.899743954828353
4.114	5.5715	4.84275	0.877832667836368
4.114	4.514	4.314	0.937912853416051
4.114	5.492	4.803	0.954058033407313
3.7675	4.114	3.94075	0.92420370426173
4.114	6.2985	5.20625	0.942291749047406
4.114	8.0215	6.06775	0.893970249241751
3.6585	4.114	3.88625	0.892090515118472
2.8325	4.114	3.47325	0.894491870174155
4.114	9.6795	6.89675	0.929271815133862
4.114	7.026	5.57	0.886549317346625
4.114	5.8555	4.98475	0.879429738991514
4.114	7.1735	5.64375	0.901613665529068
4.114	9.1145	6.61425	0.917225085499075
4.114	6.6945	5.40425	0.9128781557621
2.3695	4.114	3.24175	0.957116771640099
3.6215	4.114	3.86775	0.919565376828646
4.0915	4.114	4.10275	0.957579766518565
3.122	4.114	3.618	0.95070394051287
0.6647	4.114	2.38935	0.892268812398114
0.3441	4.114	2.22905	0.928952145798012
2.588	4.114	3.351	0.918792329047573
2.542	4.114	3.328	0.967649725009826
3.49	4.114	3.802	0.983332423429405
4.114	7.1105	5.61225	0.953509265352805
4.114	7.0695	5.59175	0.95167661047066
4.114	6.576	5.345	0.950152408725484
4.114	5.0125	4.56325	0.923581252091551
4.114	6.2165	5.16525	0.957753833319548
4.114	12.895	8.5045	0.954333655225881
4.114	6.3915	5.25275	0.964665263701095
7.6885	11.81	9.74925	0.940390166525147
7.6885	8.8315	8.26	0.886073658720227
7.514	7.6885	7.60125	0.810013768689863
7.6885	11.945	9.81675	0.930763912377702
2.854	7.6885	5.27125	0.958906216999644
0.954	7.6885	4.32125	0.90355548678822
7.619	7.6885	7.65375	0.947615319081566
3.427	7.6885	5.55775	0.872115987663959
4.859	7.6885	6.27375	0.824808615354567
7.6015	7.6885	7.645	0.899820810043111
7.365	7.6885	7.52675	0.815992537700553
6.525	7.6885	7.10675	0.948240056965396
7.6885	12.275	9.98175	0.908344042237127
1.3135	7.6885	4.501	0.810851717740106
7.6885	9.409	8.54875	0.862879871946371
7.2185	7.6885	7.4535	0.901908020902406
7.5375	7.6885	7.613	0.852584232449386
7.6885	8.522	8.10525	0.862084616542714
7.441	7.6885	7.56475	0.875423874805359
4.9925	7.6885	6.3405	0.796097920458018
6.836	7.6885	7.26225	0.88270424663837
5.6115	7.6885	6.65	0.850678194896438
7.6885	9.503	8.59575	0.835946780291972
7.5525	7.6885	7.6205	0.869254179069397
6.107	7.6885	6.89775	0.872577528409028
7.063	7.6885	7.37575	0.815563071486556
7.6885	12.545	10.11675	0.787214532087631
7.6885	10.78	9.23425	0.812682928721236
7.6885	9.1175	8.403	0.827043952275837
5.9425	7.6885	6.8155	0.912824807835299
5.5715	7.6885	6.63	0.92106920311201
4.514	7.6885	6.10125	0.899285144297702
5.492	7.6885	6.59025	0.898518384795604
3.7675	7.6885	5.728	0.880416747451519
6.2985	7.6885	6.9935	0.933151233669757
7.6885	8.0215	7.855	0.888179769784168
3.6585	7.6885	5.6735	0.875760892481691
2.8325	7.6885	5.2605	0.87199225577666
7.6885	9.6795	8.684	0.899623517634226
7.026	7.6885	7.35725	0.858616108681898
5.8555	7.6885	6.772	0.885918691203066
7.1735	7.6885	7.431	0.89992951886269
7.6885	9.1145	8.4015	0.858962596744102
6.6945	7.6885	7.1915	0.893642073721276
2.3695	7.6885	5.029	0.950822980381487
3.6215	7.6885	5.655	0.91659840624862
4.0915	7.6885	5.89	0.959851378240462
3.122	7.6885	5.40525	0.956941900484282
0.6647	7.6885	4.1766	0.914883178815357
0.3441	7.6885	4.0163	0.937396736252397
2.588	7.6885	5.13825	0.944729349013282
2.542	7.6885	5.11525	0.969072618165501
3.49	7.6885	5.58925	0.979040516583763
7.1105	7.6885	7.3995	0.959480970349677
7.0695	7.6885	7.379	0.95297596393036
6.576	7.6885	7.13225	0.939919376389333
5.0125	7.6885	6.3505	0.894793186379249
6.2165	7.6885	6.9525	0.890897503451671
7.6885	12.895	10.29175	0.94276011930688
6.3915	7.6885	7.04	0.940527371608018
8.8315	11.81	10.32075	0.94640048709315
7.514	11.81	9.662	0.961060185771585
11.81	11.945	11.8775	0.944262645238617
2.854	11.81	7.332	0.985624714469099
0.954	11.81	6.382	0.925739906798403
7.619	11.81	9.7145	0.980928491890701
3.427	11.81	7.6185	0.871732991188401
4.859	11.81	8.3345	0.919087930165956
7.6015	11.81	9.70575	0.957446954527074
7.365	11.81	9.5875	0.920591799068001
6.525	11.81	9.1675	0.989840440421734
11.81	12.275	12.0425	0.957196148675003
1.3135	11.81	6.56175	0.917783904508364
9.409	11.81	10.6095	0.905845873125212
7.2185	11.81	9.51425	0.862289323601327
7.5375	11.81	9.67375	0.930231641360627
8.522	11.81	10.166	0.916703776591745
7.441	11.81	9.6255	0.936564672491398
4.9925	11.81	8.40125	0.939555906630793
6.836	11.81	9.323	0.928149052745794
5.6115	11.81	8.71075	0.868254290041856
9.503	11.81	10.6565	0.931461977430734
7.5525	11.81	9.68125	0.888945280745573
6.107	11.81	8.9585	0.869496438057952
7.063	11.81	9.4365	0.937677770990372
11.81	12.545	12.1775	0.933156460514222
10.78	11.81	11.295	0.943678989707422
9.1175	11.81	10.46375	0.935088383359677
5.9425	11.81	8.87625	0.90696820691568
5.5715	11.81	8.69075	0.944801162073322
4.514	11.81	8.162	0.917178271621801
5.492	11.81	8.651	0.928445383461087
3.7675	11.81	7.78875	0.942498449822439
6.2985	11.81	9.05425	0.960442867774337
8.0215	11.81	9.91575	0.942903623831196
3.6585	11.81	7.73425	0.93203484788133
2.8325	11.81	7.32125	0.970089782132787
9.6795	11.81	10.74475	0.959257695343022
7.026	11.81	9.418	0.903225737809894
5.8555	11.81	8.83275	0.882246870638751
7.1735	11.81	9.49175	0.897240613253591
9.1145	11.81	10.46225	0.94624576709808
6.6945	11.81	9.25225	0.940674484138226
2.3695	11.81	7.08975	0.941066201828547
3.6215	11.81	7.71575	0.906242182861061
4.0915	11.81	7.95075	0.95648322071119
3.122	11.81	7.466	0.940520373297783
0.6647	11.81	6.23735	0.969983053675886
0.3441	11.81	6.07705	0.97054605527591
2.588	11.81	7.199	0.981909616546227
2.542	11.81	7.176	0.985558631170333
3.49	11.81	7.65	0.932445890587421
7.1105	11.81	9.46025	0.956214997982656
7.0695	11.81	9.43975	0.984427727815157
6.576	11.81	9.193	0.938808039022401
5.0125	11.81	8.41125	0.936412480967855
6.2165	11.81	9.01325	0.920082218212706
11.81	12.895	12.3525	0.774723471805039
6.3915	11.81	9.10075	0.875199633984305
7.514	8.8315	8.17275	0.902756592082965
8.8315	11.945	10.38825	0.885571862611125
2.854	8.8315	5.84275	0.966583113686441
0.954	8.8315	4.89275	0.920384872564549
7.619	8.8315	8.22525	0.949436951678115
3.427	8.8315	6.12925	0.872165808537622
4.859	8.8315	6.84525	0.886827125094578
7.6015	8.8315	8.2165	0.917025417843172
7.365	8.8315	8.09825	0.849076725874747
6.525	8.8315	7.67825	0.968150106731811
8.8315	12.275	10.55325	0.889851055836097
1.3135	8.8315	5.0725	0.860141826483966
8.8315	9.409	9.12025	0.887042423166067
7.2185	8.8315	8.025	0.916873215921468
7.5375	8.8315	8.1845	0.908053433887708
8.522	8.8315	8.67675	0.884894401141698
7.441	8.8315	8.13625	0.9234817149712
4.9925	8.8315	6.912	0.898452809650926
6.836	8.8315	7.83375	0.922403733703174
5.6115	8.8315	7.2215	0.889473570307433
8.8315	9.503	9.16725	0.900621174677771
7.5525	8.8315	8.192	0.889254256001913
6.107	8.8315	7.46925	0.883366287440713
7.063	8.8315	7.94725	0.85020108309694
8.8315	12.545	10.68825	0.877829010788386
8.8315	10.78	9.80575	0.887418036179961
8.8315	9.1175	8.9745	0.895471490775261
5.9425	8.8315	7.387	0.916887467054373
5.5715	8.8315	7.2015	0.912808314763997
4.514	8.8315	6.67275	0.917732708353782
5.492	8.8315	7.16175	0.926859891720031
3.7675	8.8315	6.2995	0.897515083753247
6.2985	8.8315	7.565	0.948006617589981
8.0215	8.8315	8.4265	0.89424487461059
3.6585	8.8315	6.245	0.894772355431311
2.8325	8.8315	5.832	0.923196487678966
8.8315	9.6795	9.2555	0.935105201454891
7.026	8.8315	7.92875	0.867446301336086
5.8555	8.8315	7.3435	0.876666964838423
7.1735	8.8315	8.0025	0.890978452527155
8.8315	9.1145	8.973	0.909463770151079
6.6945	8.8315	7.763	0.8993793067218
2.3695	8.8315	5.6005	0.947174848650444
3.6215	8.8315	6.2265	0.908660852021304
4.0915	8.8315	6.4615	0.95387012732552
3.122	8.8315	5.97675	0.936973027744585
0.6647	8.8315	4.7481	0.925030518807167
0.3441	8.8315	4.5878	0.925842650591349
2.588	8.8315	5.70975	0.954721677840046
2.542	8.8315	5.68675	0.967106975989421
3.49	8.8315	6.16075	0.979430839809881
7.1105	8.8315	7.971	0.959120167158503
7.0695	8.8315	7.9505	0.959713063447445
6.576	8.8315	7.70375	0.954975823359268
5.0125	8.8315	6.922	0.907493849942794
6.2165	8.8315	7.524	0.932047604695499
8.8315	12.895	10.86325	0.944677371837302
6.3915	8.8315	7.6115	0.95621536697077
7.514	11.945	9.7295	0.947415050440662
2.854	7.514	5.184	0.94868400382912
0.954	7.514	4.234	0.927549315425637
7.514	7.619	7.5665	0.940554037895758
3.427	7.514	5.4705	0.928565111065476
4.859	7.514	6.1865	0.900830394937693
7.514	7.6015	7.55775	0.897433564540328
7.365	7.514	7.4395	0.861548979917294
6.525	7.514	7.0195	0.91137724350248
7.514	12.275	9.8945	0.905162957860265
1.3135	7.514	4.41375	0.883805270288593
7.514	9.409	8.4615	0.905901007455147
7.2185	7.514	7.36625	0.943325524134415
7.514	7.5375	7.52575	0.868998084620571
7.514	8.522	8.018	0.91362443274438
7.441	7.514	7.4775	0.928836290857659
4.9925	7.514	6.25325	0.843457310516881
6.836	7.514	7.175	0.924705835398192
5.6115	7.514	6.56275	0.915576248449876
7.514	9.503	8.5085	0.882084195568008
7.514	7.5525	7.53325	0.904806319501712
6.107	7.514	6.8105	0.922749208949347
7.063	7.514	7.2885	0.817395247849362
7.514	12.545	10.0295	0.842283970763517
7.514	10.78	9.147	0.85498949695056
7.514	9.1175	8.31575	0.857666822803107
5.9425	7.514	6.72825	0.93460627527754
5.5715	7.514	6.54275	0.927932173814042
4.514	7.514	6.014	0.919285933669845
5.492	7.514	6.503	0.938600108194129
3.7675	7.514	5.64075	0.911287014316731
6.2985	7.514	6.90625	0.937029395599594
7.514	8.0215	7.76775	0.891295855421963
3.6585	7.514	5.58625	0.892355211170459
2.8325	7.514	5.17325	0.848474357799903
7.514	9.6795	8.59675	0.901804790770868
7.026	7.514	7.27	0.893564255476025
5.8555	7.514	6.68475	0.925246147735342
7.1735	7.514	7.34375	0.934951956447099
7.514	9.1145	8.31425	0.898429226379562
6.6945	7.514	7.10425	0.916896092962919
2.3695	7.514	4.94175	0.96588357445692
3.6215	7.514	5.56775	0.929822186593656
4.0915	7.514	5.80275	0.957086381506873
3.122	7.514	5.318	0.958756321528297
0.6647	7.514	4.08935	0.911085934858765
0.3441	7.514	3.92905	0.948648534395825
2.588	7.514	5.051	0.937181784434714
2.542	7.514	5.028	0.957113745022586
3.49	7.514	5.502	0.979814282523116
7.1105	7.514	7.31225	0.951165134959603
7.0695	7.514	7.29175	0.940741285819185
6.576	7.514	7.045	0.93904988403222
5.0125	7.514	6.26325	0.910436464506641
6.2165	7.514	6.86525	0.922288344615679
7.514	12.895	10.2045	0.961758317679792
6.3915	7.514	6.95275	0.960343326017218
2.854	11.945	7.3995	0.978231831829678
0.954	11.945	6.4495	0.932432178980719
7.619	11.945	9.782	0.955642688373238
3.427	11.945	7.686	0.866287239982172
4.859	11.945	8.402	0.911794879881461
7.6015	11.945	9.77325	0.942163170807584
7.365	11.945	9.655	0.911241505903698
6.525	11.945	9.235	0.97895500365821
11.945	12.275	12.11	0.891172517932953
1.3135	11.945	6.62925	0.908037251865032
9.409	11.945	10.677	0.898839664335932
7.2185	11.945	9.58175	0.92631659543344
7.5375	11.945	9.74125	0.927022697117698
8.522	11.945	10.2335	0.919354519184034
7.441	11.945	9.693	0.936629971644907
4.9925	11.945	8.46875	0.934034503092336
6.836	11.945	9.3905	0.944078101140218
5.6115	11.945	8.77825	0.915909722985148
9.503	11.945	10.724	0.937535117085182
7.5525	11.945	9.74875	0.923313897267496
6.107	11.945	9.026	0.909051933890597
7.063	11.945	9.504	0.90988157644683
11.945	12.545	12.245	0.916954802065513
10.78	11.945	11.3625	0.924973555416539
9.1175	11.945	10.53125	0.928069962210323
5.9425	11.945	8.94375	0.912377315494303
5.5715	11.945	8.75825	0.925548496475883
4.514	11.945	8.2295	0.924804685552942
5.492	11.945	8.7185	0.918388650998502
3.7675	11.945	7.85625	0.922872586541647
6.2985	11.945	9.12175	0.954715734080865
8.0215	11.945	9.98325	0.91135972742745
3.6585	11.945	7.80175	0.912068965710075
2.8325	11.945	7.38875	0.961055376474595
9.6795	11.945	10.81225	0.957650860575997
7.026	11.945	9.4855	0.889281625284244
5.8555	11.945	8.90025	0.898306266918124
7.1735	11.945	9.55925	0.92260762947435
9.1145	11.945	10.52975	0.936114775989336
6.6945	11.945	9.31975	0.904916377237706
2.3695	11.945	7.15725	0.918525020685026
3.6215	11.945	7.78325	0.912889846362447
4.0915	11.945	8.01825	0.950161845157241
3.122	11.945	7.5335	0.911196272090466
0.6647	11.945	6.30485	0.935266936665787
0.3441	11.945	6.14455	0.943615115146826
2.588	11.945	7.2665	0.953822441221375
2.542	11.945	7.2435	0.976097509948367
3.49	11.945	7.7175	0.981478701368263
7.1105	11.945	9.52775	0.964873836559151
7.0695	11.945	9.50725	0.972190815680398
6.576	11.945	9.2605	0.95704517000173
5.0125	11.945	8.47875	0.900945253942101
6.2165	11.945	9.08075	0.939612988917662
11.945	12.895	12.42	0.957339611319136
6.3915	11.945	9.16825	0.935038392587266
0.954	2.854	1.904	0.970449556912043
2.854	7.619	5.2365	0.954340252411298
2.854	3.427	3.1405	0.981275781886929
2.854	4.859	3.8565	0.974695618783219
2.854	7.6015	5.22775	0.973536175096012
2.854	7.365	5.1095	0.975965395186564
2.854	6.525	4.6895	0.960173840520251
2.854	12.275	7.5645	0.953125335530003
1.3135	2.854	2.08375	0.973518032909218
2.854	9.409	6.1315	0.979588505672016
2.854	7.2185	5.03625	0.978283916723481
2.854	7.5375	5.19575	0.965972154038789
2.854	8.522	5.688	0.980161176776819
2.854	7.441	5.1475	0.975484880436533
2.854	4.9925	3.92325	0.967999173751425
2.854	6.836	4.845	0.976957630493822
2.854	5.6115	4.23275	0.979896937047224
2.854	9.503	6.1785	0.965277422709958
2.854	7.5525	5.20325	0.959385710890016
2.854	6.107	4.4805	0.974084003469071
2.854	7.063	4.9585	0.962422829469067
2.854	12.545	7.6995	0.965470644296318
2.854	10.78	6.817	0.964519208159891
2.854	9.1175	5.98575	0.963452458273794
2.854	5.9425	4.39825	0.978435188733783
2.854	5.5715	4.21275	0.964617196580238
2.854	4.514	3.684	0.973775117567865
2.854	5.492	4.173	0.979459011932528
2.854	3.7675	3.31075	0.970088095599342
2.854	6.2985	4.57625	0.943001897391153
2.854	8.0215	5.43775	0.963464688791972
2.854	3.6585	3.25625	0.966252965977001
2.8325	2.854	2.84325	0.94296272342882
2.854	9.6795	6.26675	0.945491383112067
2.854	7.026	4.94	0.975265800837416
2.854	5.8555	4.35475	0.984101946068835
2.854	7.1735	5.01375	0.987893807620766
2.854	9.1145	5.98425	0.968426577776037
2.854	6.6945	4.77425	0.965461847126494
2.3695	2.854	2.61175	0.972693703396679
2.854	3.6215	3.23775	0.955235478269775
2.854	4.0915	3.47275	0.951030555471354
2.854	3.122	2.988	0.968472694195357
0.6647	2.854	1.75935	0.935187841445877
0.3441	2.854	1.59905	0.928772410439922
2.588	2.854	2.721	0.929546204285545
2.542	2.854	2.698	0.944472861015248
2.854	3.49	3.172	0.982578552529759
2.854	7.1105	4.98225	0.954737918946484
2.854	7.0695	4.96175	0.916222518502783
2.854	6.576	4.715	0.956746776651901
2.854	5.0125	3.93325	0.97416314330057
2.854	6.2165	4.53525	0.976858321487212
2.854	12.895	7.8745	0.983140741206785
2.854	6.3915	4.62275	0.984208199663898
0.954	7.619	4.2865	0.949376837412322
0.954	3.427	2.1905	0.872997378389321
0.954	4.859	2.9065	0.865821929733372
0.954	7.6015	4.27775	0.921733648061622
0.954	7.365	4.1595	0.885646675580667
0.954	6.525	3.7395	0.977632626560188
0.954	12.275	6.6145	0.933462644687836
0.954	1.3135	1.13375	0.862854549186786
0.954	9.409	5.1815	0.848883538342394
0.954	7.2185	4.08625	0.909913320391341
0.954	7.5375	4.24575	0.853481596461191
0.954	8.522	4.738	0.879933859803404
0.954	7.441	4.1975	0.851346085768336
0.954	4.9925	2.97325	0.885864081218109
0.954	6.836	3.895	0.861160815446012
0.954	5.6115	3.28275	0.90318978862885
0.954	9.503	5.2285	0.874062078876691
0.954	7.5525	4.25325	0.914041213635354
0.954	6.107	3.5305	0.883966876538857
0.954	7.063	4.0085	0.899280249754069
0.954	12.545	6.7495	0.91432024325384
0.954	10.78	5.867	0.873823079678316
0.954	9.1175	5.03575	0.863764279502499
0.954	5.9425	3.44825	0.898365461755185
0.954	5.5715	3.26275	0.913902552038046
0.954	4.514	2.734	0.858747243898461
0.954	5.492	3.223	0.885029307479763
0.954	3.7675	2.36075	0.875548862808207
0.954	6.2985	3.62625	0.942573173381258
0.954	8.0215	4.48775	0.905508446196701
0.954	3.6585	2.30625	0.89208738535438
0.954	2.8325	1.89325	0.936263155681968
0.954	9.6795	5.31675	0.929973962481188
0.954	7.026	3.99	0.874913747492148
0.954	5.8555	3.40475	0.912270024900451
0.954	7.1735	4.06375	0.919359762680182
0.954	9.1145	5.03425	0.855075515295819
0.954	6.6945	3.82425	0.90877414919132
0.954	2.3695	1.66175	0.908153720320855
0.954	3.6215	2.28775	0.908469331628466
0.954	4.0915	2.52275	0.953016782126166
0.954	3.122	2.038	0.927253106810207
0.6647	0.954	0.80935	0.942351579733899
0.3441	0.954	0.64905	0.94364108640949
0.954	2.588	1.771	0.941490995553761
0.954	2.542	1.748	0.96404213260894
0.954	3.49	2.222	0.972049496624812
0.954	7.1105	4.03225	0.959103865863073
0.954	7.0695	4.01175	0.95665550585442
0.954	6.576	3.765	0.94290293638497
0.954	5.0125	2.98325	0.900300124160919
0.954	6.2165	3.58525	0.866029990108648
0.954	12.895	6.9245	0.937159409888226
0.954	6.3915	3.67275	0.923107742655374
3.427	7.619	5.523	0.95694266834758
4.859	7.619	6.239	0.94533161982231
7.6015	7.619	7.61025	0.958045982304321
7.365	7.619	7.492	0.942427927132703
6.525	7.619	7.072	0.968040797064924
7.619	12.275	9.947	0.924075789594079
1.3135	7.619	4.46625	0.94700719354963
7.619	9.409	8.514	0.94277309294028
7.2185	7.619	7.41875	0.973981000815565
7.5375	7.619	7.57825	0.936675338558487
7.619	8.522	8.0705	0.957403233726405
7.441	7.619	7.53	0.94602311423388
4.9925	7.619	6.30575	0.943192357386858
6.836	7.619	7.2275	0.956882366009739
5.6115	7.619	6.61525	0.962474951131136
7.619	9.503	8.561	0.94940068181546
7.5525	7.619	7.58575	0.965765502598538
6.107	7.619	6.863	0.959545405840802
7.063	7.619	7.341	0.940991191195389
7.619	12.545	10.082	0.942814266968645
7.619	10.78	9.1995	0.929137638520811
7.619	9.1175	8.36825	0.930741200693022
5.9425	7.619	6.78075	0.956491366081424
5.5715	7.619	6.59525	0.952003390677544
4.514	7.619	6.0665	0.941126231016911
5.492	7.619	6.5555	0.951993537337475
3.7675	7.619	5.69325	0.939357654914683
6.2985	7.619	6.95875	0.951167136820502
7.619	8.0215	7.82025	0.941794063242071
3.6585	7.619	5.63875	0.94206349566905
2.8325	7.619	5.22575	0.940201945246583
7.619	9.6795	8.64925	0.955229112271223
7.026	7.619	7.3225	0.950993754642208
5.8555	7.619	6.73725	0.970098827650168
7.1735	7.619	7.39625	0.968998148704723
7.619	9.1145	8.36675	0.945105740616795
6.6945	7.619	7.15675	0.953031705873178
2.3695	7.619	4.99425	0.9693588696504
3.6215	7.619	5.62025	0.957112795706379
4.0915	7.619	5.85525	0.964854191107367
3.122	7.619	5.3705	0.960635928622448
0.6647	7.619	4.14185	0.931694972542186
0.3441	7.619	3.98155	0.9449694407366
2.588	7.619	5.1035	0.945860981917745
2.542	7.619	5.0805	0.9536110937765
3.49	7.619	5.5545	0.990820329232057
7.1105	7.619	7.36475	0.966635547442554
7.0695	7.619	7.34425	0.941395096259901
6.576	7.619	7.0975	0.954899416551279
5.0125	7.619	6.31575	0.937415980515237
6.2165	7.619	6.91775	0.957717014080857
7.619	12.895	10.257	0.98041311112542
6.3915	7.619	7.00525	0.972879231270655
3.427	4.859	4.143	0.814881152404037
3.427	7.6015	5.51425	0.934190300413724
3.427	7.365	5.396	0.833680873550126
3.427	6.525	4.976	0.983436494893799
3.427	12.275	7.851	0.901174860175683
1.3135	3.427	2.37025	0.818751954594504
3.427	9.409	6.418	0.816858334533181
3.427	7.2185	5.32275	0.867062293923033
3.427	7.5375	5.48225	0.863047106583781
3.427	8.522	5.9745	0.823203076443184
3.427	7.441	5.434	0.873799269415034
3.427	4.9925	4.20975	0.890765587384923
3.427	6.836	5.1315	0.866844040703373
3.427	5.6115	4.51925	0.807811609380922
3.427	9.503	6.465	0.866902519451289
3.427	7.5525	5.48975	0.86732905714572
3.427	6.107	4.767	0.812384712041593
3.427	7.063	5.245	0.876607595631188
3.427	12.545	7.986	0.863760372870967
3.427	10.78	7.1035	0.86802903548577
3.427	9.1175	6.27225	0.879015474628887
3.427	5.9425	4.68475	0.874416566296577
3.427	5.5715	4.49925	0.923879756513169
3.427	4.514	3.9705	0.87355335061585
3.427	5.492	4.4595	0.852643124402623
3.427	3.7675	3.59725	0.882687234688961
3.427	6.2985	4.86275	0.943888367305901
3.427	8.0215	5.72425	0.871684131912827
3.427	3.6585	3.54275	0.871608106746875
2.8325	3.427	3.12975	0.946638687528967
3.427	9.6795	6.55325	0.929180691701812
3.427	7.026	5.2265	0.799142327478094
3.427	5.8555	4.64125	0.844269322419265
3.427	7.1735	5.30025	0.862744504036617
3.427	9.1145	6.27075	0.885369264783873
3.427	6.6945	5.06075	0.87782838052213
2.3695	3.427	2.89825	0.892142884406009
3.427	3.6215	3.52425	0.884543313158062
3.427	4.0915	3.75925	0.951103643656918
3.122	3.427	3.2745	0.908801258604332
0.6647	3.427	2.04585	0.941422612729656
0.3441	3.427	1.88555	0.939157822051449
2.588	3.427	3.0075	0.969477434546372
2.542	3.427	2.9845	0.979796432155315
3.427	3.49	3.4585	0.972968085281181
3.427	7.1105	5.26875	0.956268214057018
3.427	7.0695	5.24825	0.972226644627098
3.427	6.576	5.0015	0.944043126054899
3.427	5.0125	4.21975	0.854236190228606
3.427	6.2165	4.82175	0.868864998689877
3.427	12.895	8.161	0.904071018971586
3.427	6.3915	4.90925	0.89544755892164
4.859	7.6015	6.23025	0.908274373734786
4.859	7.365	6.112	0.778147422895759
4.859	6.525	5.692	0.965733409974055
4.859	12.275	8.567	0.910407617029965
1.3135	4.859	3.08625	0.77923747404165
4.859	9.409	7.134	0.776448976084101
4.859	7.2185	6.03875	0.886534439176502
4.859	7.5375	6.19825	0.819784816520717
4.859	8.522	6.6905	0.771087964946688
4.859	7.441	6.15	0.80268958629229
4.859	4.9925	4.92575	0.793851920908422
4.859	6.836	5.8475	0.831052252473504
4.859	5.6115	5.23525	0.823372030683114
4.859	9.503	7.181	0.801204964467741
4.859	7.5525	6.20575	0.862403961803056
4.859	6.107	5.483	0.828733470510337
4.859	7.063	5.961	0.848621029878259
4.859	12.545	8.702	0.819177059397226
4.859	10.78	7.8195	0.80423391818012
4.859	9.1175	6.98825	0.829177392327586
4.859	5.9425	5.40075	0.880041969187927
4.859	5.5715	5.21525	0.910936322330007
4.514	4.859	4.6865	0.818047101146183
4.859	5.492	5.1755	0.839052175974873
3.7675	4.859	4.31325	0.806215247436473
4.859	6.2985	5.57875	0.947505049107513
4.859	8.0215	6.44025	0.884254761074512
3.6585	4.859	4.25875	0.864423297965147
2.8325	4.859	3.84575	0.927531439390241
4.859	9.6795	7.26925	0.90979780787537
4.859	7.026	5.9425	0.784872503666696
4.859	5.8555	5.35725	0.888948300549983
4.859	7.1735	6.01625	0.901567510380284
4.859	9.1145	6.98675	0.824849353531965
4.859	6.6945	5.77675	0.886602099369353
2.3695	4.859	3.61425	0.921963769835993
3.6215	4.859	4.24025	0.909111428890128
4.0915	4.859	4.47525	0.961234925147551
3.122	4.859	3.9905	0.935932392696297
0.6647	4.859	2.76185	0.935404650171599
0.3441	4.859	2.60155	0.93472986952087
2.588	4.859	3.7235	0.949858722190934
2.542	4.859	3.7005	0.96538328014699
3.49	4.859	4.1745	0.974097111123437
4.859	7.1105	5.98475	0.959822139514829
4.859	7.0695	5.96425	0.96182777516368
4.859	6.576	5.7175	0.949799722317465
4.859	5.0125	4.93575	0.858646796691811
4.859	6.2165	5.53775	0.821178446705063
4.859	12.895	8.877	0.933549737684366
4.859	6.3915	5.62525	0.903281128429447
7.365	7.6015	7.48325	0.915248158352083
6.525	7.6015	7.06325	0.961973526501606
7.6015	12.275	9.93825	0.921823018947133
1.3135	7.6015	4.4575	0.915237979997454
7.6015	9.409	8.50525	0.912957895916355
7.2185	7.6015	7.41	0.943392669565973
7.5375	7.6015	7.5695	0.89499930344209
7.6015	8.522	8.06175	0.917760847863554
7.441	7.6015	7.52125	0.931696681263272
4.9925	7.6015	6.297	0.903088323282675
6.836	7.6015	7.21875	0.930820518491035
5.6115	7.6015	6.6065	0.936538815499908
7.6015	9.503	8.55225	0.903688928769679
7.5525	7.6015	7.577	0.905261546586204
6.107	7.6015	6.85425	0.926095742005336
7.063	7.6015	7.33225	0.901551606626919
7.6015	12.545	10.07325	0.914806985211705
7.6015	10.78	9.19075	0.893619584955657
7.6015	9.1175	8.3595	0.911006784934273
5.9425	7.6015	6.772	0.938695532866195
5.5715	7.6015	6.5865	0.927237556892798
4.514	7.6015	6.05775	0.920937407871912
5.492	7.6015	6.54675	0.934386598481043
3.7675	7.6015	5.6845	0.913329171244357
6.2985	7.6015	6.95	0.958703124099999
7.6015	8.0215	7.8115	0.921721229336019
3.6585	7.6015	5.63	0.920869109609437
2.8325	7.6015	5.217	0.933497527141645
7.6015	9.6795	8.6405	0.930385638715199
7.026	7.6015	7.31375	0.91565286944803
5.8555	7.6015	6.7285	0.945225911627931
7.1735	7.6015	7.3875	0.955126570111289
7.6015	9.1145	8.358	0.912021773018651
6.6945	7.6015	7.148	0.938448138849907
2.3695	7.6015	4.9855	0.955965529521211
3.6215	7.6015	5.6115	0.940433474604922
4.0915	7.6015	5.8465	0.96237472933038
3.122	7.6015	5.36175	0.957769093271545
0.6647	7.6015	4.1331	0.948936523458796
0.3441	7.6015	3.9728	0.946277005648018
2.588	7.6015	5.09475	0.935388481720408
2.542	7.6015	5.07175	0.954899113010875
3.49	7.6015	5.54575	0.968560699161566
7.1105	7.6015	7.356	0.964434781627846
7.0695	7.6015	7.3355	0.951333563176185
6.576	7.6015	7.08875	0.95488587221376
5.0125	7.6015	6.307	0.930559507386704
6.2165	7.6015	6.909	0.925542241721816
7.6015	12.895	10.24825	0.963219182266534
6.3915	7.6015	6.9965	0.949256512206983
6.525	7.365	6.945	0.96185018984585
7.365	12.275	9.82	0.893664125917619
1.3135	7.365	4.33925	0.781314422367446
7.365	9.409	8.387	0.803187734930796
7.2185	7.365	7.29175	0.879392650599544
7.365	7.5375	7.45125	0.83998658066162
7.365	8.522	7.9435	0.809708612195733
7.365	7.441	7.403	0.857911847934385
4.9925	7.365	6.17875	0.822548252946225
6.836	7.365	7.1005	0.853355217140061
5.6115	7.365	6.48825	0.828137150674139
7.365	9.503	8.434	0.808684730651799
7.365	7.5525	7.45875	0.865110482760471
6.107	7.365	6.736	0.840542265133943
7.063	7.365	7.214	0.824516904625548
7.365	12.545	9.955	0.793626387633858
7.365	10.78	9.0725	0.796467780680383
7.365	9.1175	8.24125	0.823927529307016
5.9425	7.365	6.65375	0.884991569701648
5.5715	7.365	6.46825	0.909333507602142
4.514	7.365	5.9395	0.853245903423103
5.492	7.365	6.4285	0.870966787732312
3.7675	7.365	5.56625	0.829265644289921
6.2985	7.365	6.83175	0.950550955149527
7.365	8.0215	7.69325	0.864180554336901
3.6585	7.365	5.51175	0.86059416422714
2.8325	7.365	5.09875	0.912548434966149
7.365	9.6795	8.52225	0.912194180086261
7.026	7.365	7.1955	0.796495196145372
5.8555	7.365	6.61025	0.877913529503402
7.1735	7.365	7.26925	0.892577295934252
7.365	9.1145	8.23975	0.847425741684265
6.6945	7.365	7.02975	0.880216121636647
2.3695	7.365	4.86725	0.932584758289204
3.6215	7.365	5.49325	0.904980797128646
4.0915	7.365	5.72825	0.964857892845127
3.122	7.365	5.2435	0.946042186066247
0.6647	7.365	4.01485	0.911186943499512
0.3441	7.365	3.85455	0.9305605298594
2.588	7.365	4.9765	0.954425741490501
2.542	7.365	4.9535	0.968589573113679
3.49	7.365	5.4275	0.98255696160785
7.1105	7.365	7.23775	0.964217653032021
7.0695	7.365	7.21725	0.961503642816348
6.576	7.365	6.9705	0.955631159381288
5.0125	7.365	6.18875	0.872775322276117
6.2165	7.365	6.79075	0.880613407519105
7.365	12.895	10.13	0.944310489259378
6.3915	7.365	6.87825	0.936356292705076
6.525	12.275	9.4	0.97328947107664
1.3135	6.525	3.91925	0.971729542405068
6.525	9.409	7.967	0.974284095375832
6.525	7.2185	6.87175	0.981842389596735
6.525	7.5375	7.03125	0.955285966872135
6.525	8.522	7.5235	0.968440128295048
6.525	7.441	6.983	0.971889476604924
4.9925	6.525	5.75875	0.94328199769071
6.525	6.836	6.6805	0.975289258178326
5.6115	6.525	6.06825	0.976890240091421
6.525	9.503	8.014	0.95542712866961
6.525	7.5525	7.03875	0.966353112438544
6.107	6.525	6.316	0.9741298134644
6.525	7.063	6.794	0.9427116363921
6.525	12.545	9.535	0.951899561631882
6.525	10.78	8.6525	0.941126577782982
6.525	9.1175	7.82125	0.950507231868154
5.9425	6.525	6.23375	0.978385957164246
5.5715	6.525	6.04825	0.97596850771917
4.514	6.525	5.5195	0.972494657675371
5.492	6.525	6.0085	0.980075762954199
3.7675	6.525	5.14625	0.957673790092077
6.2985	6.525	6.41175	0.982223905654027
6.525	8.0215	7.27325	0.969667322811867
3.6585	6.525	5.09175	0.971032128406985
2.8325	6.525	4.67875	0.942544073997909
6.525	9.6795	8.10225	0.965325901547891
6.525	7.026	6.7755	0.973440276854298
5.8555	6.525	6.19025	0.983011137433226
6.525	7.1735	6.84925	0.987343822741811
6.525	9.1145	7.81975	0.958799415747639
6.525	6.6945	6.60975	0.977594116897364
2.3695	6.525	4.44725	0.988292867889427
3.6215	6.525	5.07325	0.98075572221535
4.0915	6.525	5.30825	0.98655175408361
3.122	6.525	4.8235	0.983331065853624
0.6647	6.525	3.59485	0.953922043094906
0.3441	6.525	3.43455	0.971283445394172
2.588	6.525	4.5565	0.954073068732076
2.542	6.525	4.5335	0.969672657262294
3.49	6.525	5.0075	0.98759640232255
6.525	7.1105	6.81775	0.979183809055595
6.525	7.0695	6.79725	0.975535231821438
6.525	6.576	6.5505	0.982716447604762
5.0125	6.525	5.76875	0.975397119978655
6.2165	6.525	6.37075	0.975022912229714
6.525	12.895	9.71	0.988716914755342
6.3915	6.525	6.45825	0.98551973019299
1.3135	12.275	6.79425	0.906328372285528
9.409	12.275	10.842	0.910490084648173
7.2185	12.275	9.74675	0.950807260705699
7.5375	12.275	9.90625	0.917262652104541
8.522	12.275	10.3985	0.920758816729354
7.441	12.275	9.858	0.938991330802102
4.9925	12.275	8.63375	0.921604299748767
6.836	12.275	9.5555	0.939557578931438
5.6115	12.275	8.94325	0.929824785574796
9.503	12.275	10.889	0.934588653265328
7.5525	12.275	9.91375	0.933972821019258
6.107	12.275	9.191	0.928175610477327
7.063	12.275	9.669	0.891174206865535
12.275	12.545	12.41	0.90687372966827
10.78	12.275	11.5275	0.90905971878478
9.1175	12.275	10.69625	0.904012733650461
5.9425	12.275	9.10875	0.920007970001911
5.5715	12.275	8.92325	0.919461113163822
4.514	12.275	8.3945	0.925713971139754
5.492	12.275	8.8835	0.934835889569781
3.7675	12.275	8.02125	0.918758619676742
6.2985	12.275	9.28675	0.939659207654032
8.0215	12.275	10.14825	0.87889807134627
3.6585	12.275	7.96675	0.882237586920188
2.8325	12.275	7.55375	0.932840457495499
9.6795	12.275	10.97725	0.941452072914451
7.026	12.275	9.6505	0.89526979631737
5.8555	12.275	9.06525	0.923009907366197
7.1735	12.275	9.72425	0.92850013393153
9.1145	12.275	10.69475	0.923294197482639
6.6945	12.275	9.48475	0.907324877102507
2.3695	12.275	7.32225	0.933991283701219
3.6215	12.275	7.94825	0.921327833594449
4.0915	12.275	8.18325	0.950239174671268
3.122	12.275	7.6985	0.927978401362915
0.6647	12.275	6.46985	0.859714774051716
0.3441	12.275	6.30955	0.906252268442758
2.588	12.275	7.4315	0.954707838141675
2.542	12.275	7.4085	0.955758264218845
3.49	12.275	7.8825	0.986575547850812
7.1105	12.275	9.69275	0.962480383420297
7.0695	12.275	9.67225	0.946526025958609
6.576	12.275	9.4255	0.954835269996631
5.0125	12.275	8.64375	0.902846256000206
6.2165	12.275	9.24575	0.946512909566317
12.275	12.895	12.585	0.962080765849094
6.3915	12.275	9.33325	0.95559346365884
1.3135	9.409	5.36125	0.823794547483865
1.3135	7.2185	4.266	0.885643814425968
1.3135	7.5375	4.4255	0.839680006138297
1.3135	8.522	4.91775	0.821605686713631
1.3135	7.441	4.37725	0.841903192020899
1.3135	4.9925	3.153	0.824668399889968
1.3135	6.836	4.07475	0.865912054380698
1.3135	5.6115	3.4625	0.832006618745199
1.3135	9.503	5.40825	0.831497827653667
1.3135	7.5525	4.433	0.866421706026729
1.3135	6.107	3.71025	0.830780011206021
1.3135	7.063	4.18825	0.813133593600828
1.3135	12.545	6.92925	0.827796569841889
1.3135	10.78	6.04675	0.812721822555794
1.3135	9.1175	5.2155	0.817812923709872
1.3135	5.9425	3.628	0.881312616490028
1.3135	5.5715	3.4425	0.910105153747029
1.3135	4.514	2.91375	0.8538293325422
1.3135	5.492	3.40275	0.865282726455997
1.3135	3.7675	2.5405	0.844191789548772
1.3135	6.2985	3.806	0.938950275079734
1.3135	8.0215	4.6675	0.864012596622366
1.3135	3.6585	2.486	0.845366511679118
1.3135	2.8325	2.073	0.912496389955686
1.3135	9.6795	5.4965	0.897290840542974
1.3135	7.026	4.16975	0.793530767609202
1.3135	5.8555	3.5845	0.867624424750424
1.3135	7.1735	4.2435	0.882237320593441
1.3135	9.1145	5.214	0.843627853966639
1.3135	6.6945	4.004	0.871430345739027
1.3135	2.3695	1.8415	0.922088338289313
1.3135	3.6215	2.4675	0.900392400519144
1.3135	4.0915	2.7025	0.96193840275658
1.3135	3.122	2.21775	0.938949985564426
0.6647	1.3135	0.9891	0.924896506336305
0.3441	1.3135	0.8288	0.936046094214605
1.3135	2.588	1.95075	0.960029601722685
1.3135	2.542	1.92775	0.967810827993738
1.3135	3.49	2.40175	0.976583085805402
1.3135	7.1105	4.212	0.964050316610856
1.3135	7.0695	4.1915	0.962912779580549
1.3135	6.576	3.94475	0.949964781202917
1.3135	5.0125	3.163	0.865785599075532
1.3135	6.2165	3.765	0.867490949587019
1.3135	12.895	7.10425	0.930834644239973
1.3135	6.3915	3.8525	0.925610852759587
7.2185	9.409	8.31375	0.866749192880553
7.5375	9.409	8.47325	0.791414967977711
8.522	9.409	8.9655	0.674876697078139
7.441	9.409	8.425	0.828291649636195
4.9925	9.409	7.20075	0.843485979990041
6.836	9.409	8.1225	0.795194309236591
5.6115	9.409	7.51025	0.844236412034712
9.409	9.503	9.456	0.794251382081189
7.5525	9.409	8.48075	0.86403485416467
6.107	9.409	7.758	0.809459236187203
7.063	9.409	8.236	0.845408096013556
9.409	12.545	10.977	0.852032952410559
9.409	10.78	10.0945	0.821327766561651
9.1175	9.409	9.26325	0.829740011470661
5.9425	9.409	7.67575	0.868498435972455
5.5715	9.409	7.49025	0.905291981863891
4.514	9.409	6.9615	0.829642043231278
5.492	9.409	7.4505	0.835540346588577
3.7675	9.409	6.58825	0.819313728445799
6.2985	9.409	7.85375	0.954009291227282
8.0215	9.409	8.71525	0.890878229570997
3.6585	9.409	6.53375	0.86408024623867
2.8325	9.409	6.12075	0.933039954321656
9.409	9.6795	9.54425	0.907491530850484
7.026	9.409	8.2175	0.785090432142842
5.8555	9.409	7.63225	0.892513689074898
7.1735	9.409	8.29125	0.909536736942665
9.1145	9.409	9.26175	0.788083042070268
6.6945	9.409	8.05175	0.897059890084264
2.3695	9.409	5.88925	0.921355415985813
3.6215	9.409	6.51525	0.908371644367131
4.0915	9.409	6.75025	0.960258162686154
3.122	9.409	6.2655	0.937518758466074
0.6647	9.409	5.03685	0.914175978573924
0.3441	9.409	4.87655	0.9313687895339
2.588	9.409	5.9985	0.944818142273096
2.542	9.409	5.9755	0.961177565193763
3.49	9.409	6.4495	0.980860293094525
7.1105	9.409	8.25975	0.964554184070685
7.0695	9.409	8.23925	0.956002710289329
6.576	9.409	7.9925	0.954338739449468
5.0125	9.409	7.21075	0.853295226991947
6.2165	9.409	7.81275	0.82532876363314
9.409	12.895	11.152	0.929132731296464
6.3915	9.409	7.90025	0.906637733837476
7.2185	7.5375	7.378	0.893645015279542
7.2185	8.522	7.87025	0.868200857742979
7.2185	7.441	7.32975	0.909139396809191
4.9925	7.2185	6.1055	0.895754499986867
6.836	7.2185	7.02725	0.904349207104146
5.6115	7.2185	6.415	0.828288565753136
7.2185	9.503	8.36075	0.894783114932204
7.2185	7.5525	7.3855	0.848154465969138
6.107	7.2185	6.66275	0.832156143387141
7.063	7.2185	7.14075	0.917751537072207
7.2185	12.545	9.88175	0.889495234005964
7.2185	10.78	8.99925	0.907795742255782
7.2185	9.1175	8.168	0.914456270626715
5.9425	7.2185	6.5805	0.915621773072546
5.5715	7.2185	6.395	0.933128644282463
4.514	7.2185	5.86625	0.90684935249071
5.492	7.2185	6.35525	0.921747398148085
3.7675	7.2185	5.493	0.91188214154319
6.2985	7.2185	6.7585	0.953041130344949
7.2185	8.0215	7.62	0.928493269886098
3.6585	7.2185	5.4385	0.911242000588488
2.8325	7.2185	5.0255	0.955839534670097
7.2185	9.6795	8.449	0.939455424922216
7.026	7.2185	7.12225	0.877934027915647
5.8555	7.2185	6.537	0.855677076093115
7.1735	7.2185	7.196	0.867422481023799
7.2185	9.1145	8.1665	0.916624454515809
6.6945	7.2185	6.9565	0.922360923267582
2.3695	7.2185	4.794	0.9466274908312
3.6215	7.2185	5.42	0.898270155352333
4.0915	7.2185	5.655	0.958577209234009
3.122	7.2185	5.17025	0.946710011570925
0.6647	7.2185	3.9416	0.949300447249285
0.3441	7.2185	3.7813	0.95853924054421
2.588	7.2185	4.90325	0.963766595408504
2.542	7.2185	4.88025	0.972404795691462
3.49	7.2185	5.35425	0.961853567465119
7.1105	7.2185	7.1645	0.940984795637456
7.0695	7.2185	7.144	0.96713163136051
6.576	7.2185	6.89725	0.937378424616589
5.0125	7.2185	6.1155	0.927398370617307
6.2165	7.2185	6.7175	0.900531968793409
7.2185	12.895	10.05675	0.86867307444089
6.3915	7.2185	6.805	0.934446765771554
7.5375	8.522	8.02975	0.807937147257069
7.441	7.5375	7.48925	0.840532664864641
4.9925	7.5375	6.265	0.818013708044986
6.836	7.5375	7.18675	0.827669760399116
5.6115	7.5375	6.5745	0.879524970258531
7.5375	9.503	8.52025	0.810807774891823
7.5375	7.5525	7.545	0.885574070024005
6.107	7.5375	6.82225	0.856441049753967
7.063	7.5375	7.30025	0.841842634749284
7.5375	12.545	10.04125	0.837318351990434
7.5375	10.78	9.15875	0.781184071846292
7.5375	9.1175	8.3275	0.806940909064137
5.9425	7.5375	6.74	0.895429224086425
5.5715	7.5375	6.5545	0.913421069637584
4.514	7.5375	6.02575	0.844585833631234
5.492	7.5375	6.51475	0.874531611164237
3.7675	7.5375	5.6525	0.829933067848512
6.2985	7.5375	6.918	0.948062316312286
7.5375	8.0215	7.7795	0.891450595288937
3.6585	7.5375	5.598	0.882517765794351
2.8325	7.5375	5.185	0.913753704421799
7.5375	9.6795	8.6085	0.902002585590491
7.026	7.5375	7.28175	0.850613939058489
5.8555	7.5375	6.6965	0.917928513951778
7.1735	7.5375	7.3555	0.920667747067807
7.5375	9.1145	8.326	0.802504068178709
6.6945	7.5375	7.116	0.906457245944308
2.3695	7.5375	4.9535	0.935677435770454
3.6215	7.5375	5.5795	0.91986630729658
4.0915	7.5375	5.8145	0.961820169087318
3.122	7.5375	5.32975	0.940358430722117
0.6647	7.5375	4.1011	0.930795506053497
0.3441	7.5375	3.9408	0.939826690164009
2.588	7.5375	5.06275	0.929941685006042
2.542	7.5375	5.03975	0.947496977375095
3.49	7.5375	5.51375	0.973917111647952
7.1105	7.5375	7.324	0.958095383770069
7.0695	7.5375	7.3035	0.947831469704003
6.576	7.5375	7.05675	0.939247227254671
5.0125	7.5375	6.275	0.874019387474371
6.2165	7.5375	6.877	0.838545486119183
7.5375	12.895	10.21625	0.942550057798906
6.3915	7.5375	6.9645	0.924701368482313
7.441	8.522	7.9815	0.82960223546663
4.9925	8.522	6.75725	0.829356832676659
6.836	8.522	7.679	0.790860208587573
5.6115	8.522	7.06675	0.829672170796063
8.522	9.503	9.0125	0.763636907011007
7.5525	8.522	8.03725	0.855176980236381
6.107	8.522	7.3145	0.802507881600058
7.063	8.522	7.7925	0.84953461178624
8.522	12.545	10.5335	0.840094388386895
8.522	10.78	9.651	0.814261850875679
8.522	9.1175	8.81975	0.842331189239087
5.9425	8.522	7.23225	0.865090157498019
5.5715	8.522	7.04675	0.903840020847927
4.514	8.522	6.518	0.840699894200517
5.492	8.522	7.007	0.848860636505616
3.7675	8.522	6.14475	0.824757145753993
6.2985	8.522	7.41025	0.956260305824504
8.0215	8.522	8.27175	0.895261201247402
3.6585	8.522	6.09025	0.865884114019973
2.8325	8.522	5.67725	0.939770956382665
8.522	9.6795	9.10075	0.917818029093592
7.026	8.522	7.774	0.790016996650979
5.8555	8.522	7.18875	0.892024016450551
7.1735	8.522	7.84775	0.906636271393412
8.522	9.1145	8.81825	0.807694173253231
6.6945	8.522	7.60825	0.906200384278483
2.3695	8.522	5.44575	0.922413734120968
3.6215	8.522	6.07175	0.923202795838042
4.0915	8.522	6.30675	0.966329966859838
3.122	8.522	5.822	0.937676370971623
0.6647	8.522	4.59335	0.933962446261381
0.3441	8.522	4.43305	0.939600739959785
2.588	8.522	5.555	0.944080623929041
2.542	8.522	5.532	0.963435385495816
3.49	8.522	6.006	0.976602047535962
7.1105	8.522	7.81625	0.964729901694296
7.0695	8.522	7.79575	0.964452633865605
6.576	8.522	7.549	0.954366332225085
5.0125	8.522	6.76725	0.864052752213847
6.2165	8.522	7.36925	0.826554558472434
8.522	12.895	10.7085	0.936631734199804
6.3915	8.522	7.45675	0.911017192042052
4.9925	7.441	6.21675	0.864893156979001
6.836	7.441	7.1385	0.842573160407707
5.6115	7.441	6.52625	0.890259699405245
7.441	9.503	8.472	0.845260634527035
7.441	7.5525	7.49675	0.91293225672561
6.107	7.441	6.774	0.866631949691307
7.063	7.441	7.252	0.89977808342664
7.441	12.545	9.993	0.874384059103772
7.441	10.78	9.1105	0.853305889603966
7.441	9.1175	8.27925	0.839751310368704
5.9425	7.441	6.69175	0.907788775077807
5.5715	7.441	6.50625	0.931534578019521
4.514	7.441	5.9775	0.815026492077954
5.492	7.441	6.4665	0.862241119445275
3.7675	7.441	5.60425	0.828342190973982
6.2985	7.441	6.86975	0.958115042043968
7.441	8.0215	7.73125	0.918034385483545
3.6585	7.441	5.54975	0.904437272041264
2.8325	7.441	5.13675	0.944958704724985
7.441	9.6795	8.56025	0.921848049872605
7.026	7.441	7.2335	0.861545859306819
5.8555	7.441	6.64825	0.937146108922864
7.1735	7.441	7.30725	0.945308294241733
7.441	9.1145	8.27775	0.831001495081643
6.6945	7.441	7.06775	0.915628725437287
2.3695	7.441	4.90525	0.924776301053332
3.6215	7.441	5.53125	0.919692051449511
4.0915	7.441	5.76625	0.967138984743164
3.122	7.441	5.2815	0.941097501146496
0.6647	7.441	4.05285	0.939308386074013
0.3441	7.441	3.89255	0.940728395035724
2.588	7.441	5.0145	0.949104764255585
2.542	7.441	4.9915	0.965053228518351
3.49	7.441	5.4655	0.974717489860801
7.1105	7.441	7.27575	0.969738347834732
7.0695	7.441	7.25525	0.960310100229967
6.576	7.441	7.0085	0.961198654630552
5.0125	7.441	6.22675	0.895195071215673
6.2165	7.441	6.82875	0.815482409828878
7.441	12.895	10.168	0.951198860264545
6.3915	7.441	6.91625	0.895118042800182
4.9925	6.836	5.91425	0.879239635898644
4.9925	5.6115	5.302	0.860710977764721
4.9925	9.503	7.24775	0.830765625355953
4.9925	7.5525	6.2725	0.871194504332097
4.9925	6.107	5.54975	0.871525735303841
4.9925	7.063	6.02775	0.839843275653075
4.9925	12.545	8.76875	0.770253714846744
4.9925	10.78	7.88625	0.801720259397202
4.9925	9.1175	7.055	0.841032561316057
4.9925	5.9425	5.4675	0.924243510433902
4.9925	5.5715	5.282	0.918283130955883
4.514	4.9925	4.75325	0.86868340036896
4.9925	5.492	5.24225	0.890376721559555
3.7675	4.9925	4.38	0.834569938368244
4.9925	6.2985	5.6455	0.950879591200067
4.9925	8.0215	6.507	0.908687574204086
3.6585	4.9925	4.3255	0.888594517850732
2.8325	4.9925	3.9125	0.894047404494317
4.9925	9.6795	7.336	0.899702726953161
4.9925	7.026	6.00925	0.856645387478614
4.9925	5.8555	5.424	0.916819182476594
4.9925	7.1735	6.083	0.924217598249999
4.9925	9.1145	7.0535	0.832425239215641
4.9925	6.6945	5.8435	0.911958812158402
2.3695	4.9925	3.681	0.95450485075533
3.6215	4.9925	4.307	0.928738272475933
4.0915	4.9925	4.542	0.965674341085227
3.122	4.9925	4.05725	0.955054056547747
0.6647	4.9925	2.8286	0.927860566443589
0.3441	4.9925	2.6683	0.942349487398881
2.588	4.9925	3.79025	0.937708041962633
2.542	4.9925	3.76725	0.956899672192224
3.49	4.9925	4.24125	0.974749563693534
4.9925	7.1105	6.0515	0.958227446836503
4.9925	7.0695	6.031	0.954326383675823
4.9925	6.576	5.78425	0.946239749128717
4.9925	5.0125	5.0025	0.897630241253981
4.9925	6.2165	5.6045	0.868190949417812
4.9925	12.895	8.94375	0.940974204396697
4.9925	6.3915	5.692	0.944918120217533
5.6115	6.836	6.22375	0.879082703922422
6.836	9.503	8.1695	0.815316822614375
6.836	7.5525	7.19425	0.894247936409621
6.107	6.836	6.4715	0.851754679454462
6.836	7.063	6.9495	0.891696000545218
6.836	12.545	9.6905	0.891555989508334
6.836	10.78	8.808	0.814751067503216
6.836	9.1175	7.97675	0.859872415572929
5.9425	6.836	6.38925	0.892886537474875
5.5715	6.836	6.20375	0.925805329742078
4.514	6.836	5.675	0.855221810749406
5.492	6.836	6.164	0.844151532774003
3.7675	6.836	5.30175	0.876904146082979
6.2985	6.836	6.56725	0.950151473408494
6.836	8.0215	7.42875	0.920358414918138
3.6585	6.836	5.24725	0.893880529918635
2.8325	6.836	4.83425	0.945221949960828
6.836	9.6795	8.25775	0.925290210898427
6.836	7.026	6.931	0.838265928241868
5.8555	6.836	6.34575	0.929561784022693
6.836	7.1735	7.00475	0.929386074006781
6.836	9.1145	7.97525	0.811678583356632
6.6945	6.836	6.76525	0.911961627512842
2.3695	6.836	4.60275	0.923361549870008
3.6215	6.836	5.22875	0.923843072566375
4.0915	6.836	5.46375	0.964372083188097
3.122	6.836	4.979	0.937068839167322
0.6647	6.836	3.75035	0.930398619167506
0.3441	6.836	3.59005	0.947057969351356
2.588	6.836	4.712	0.946605267253943
2.542	6.836	4.689	0.960808778263506
3.49	6.836	5.163	0.97028090026118
6.836	7.1105	6.97325	0.966743936638674
6.836	7.0695	6.95275	0.95809866251299
6.576	6.836	6.706	0.960365984272302
5.0125	6.836	5.92425	0.907475190519623
6.2165	6.836	6.52625	0.834470321696291
6.836	12.895	9.8655	0.92996702839956
6.3915	6.836	6.61375	0.910288678012833
5.6115	9.503	7.55725	0.856999848821034
5.6115	7.5525	6.582	0.825975828284892
5.6115	6.107	5.85925	0.815246052081212
5.6115	7.063	6.33725	0.857711872113822
5.6115	12.545	9.07825	0.825546597231806
5.6115	10.78	8.19575	0.8737565024871
5.6115	9.1175	7.3645	0.89051099023621
5.6115	5.9425	5.777	0.910395119121521
5.5715	5.6115	5.5915	0.935768617559554
4.514	5.6115	5.06275	0.876051860386408
5.492	5.6115	5.55175	0.876078780407097
3.7675	5.6115	4.6895	0.880056550377577
5.6115	6.2985	5.955	0.945324121478142
5.6115	8.0215	6.8165	0.899369094773394
3.6585	5.6115	4.635	0.890920500301049
2.8325	5.6115	4.222	0.939007317973777
5.6115	9.6795	7.6455	0.919893201667857
5.6115	7.026	6.31875	0.819413342658393
5.6115	5.8555	5.7335	0.861852880638716
5.6115	7.1735	6.3925	0.870826922648253
5.6115	9.1145	7.363	0.886682157235247
5.6115	6.6945	6.153	0.897293944943882
2.3695	5.6115	3.9905	0.91929624318674
3.6215	5.6115	4.6165	0.904784047341043
4.0915	5.6115	4.8515	0.950580300949854
3.122	5.6115	4.36675	0.938003315558377
0.6647	5.6115	3.1381	0.946460218016693
0.3441	5.6115	2.9778	0.947038104476719
2.588	5.6115	4.09975	0.969477344599271
2.542	5.6115	4.07675	0.978860323361335
3.49	5.6115	4.55075	0.968753271174204
5.6115	7.1105	6.361	0.954236065050877
5.6115	7.0695	6.3405	0.97232744681957
5.6115	6.576	6.09375	0.941605012300273
5.0125	5.6115	5.312	0.885903067063957
5.6115	6.2165	5.914	0.868139808177707
5.6115	12.895	9.25325	0.894472961571499
5.6115	6.3915	6.0015	0.911541826229276
7.5525	9.503	8.52775	0.869909522922753
6.107	9.503	7.805	0.833277487700608
7.063	9.503	8.283	0.836274357800792
9.503	12.545	11.024	0.826417732168925
9.503	10.78	10.1415	0.794910468037894
9.1175	9.503	9.31025	0.84673401228005
5.9425	9.503	7.72275	0.89482179666014
5.5715	9.503	7.53725	0.912710656053395
4.514	9.503	7.0085	0.857771145818835
5.492	9.503	7.4975	0.86462937429112
3.7675	9.503	6.63525	0.832371437833369
6.2985	9.503	7.90075	0.945245108038297
8.0215	9.503	8.76225	0.885407212684214
3.6585	9.503	6.58075	0.868397611073518
2.8325	9.503	6.16775	0.917173585866849
9.503	9.6795	9.59125	0.899531699332782
7.026	9.503	8.2645	0.814555131250766
5.8555	9.503	7.67925	0.921252906596488
7.1735	9.503	8.33825	0.926320449927942
9.1145	9.503	9.30875	0.815864506145708
6.6945	9.503	8.09875	0.899170017489215
2.3695	9.503	5.93625	0.938231390324906
3.6215	9.503	6.56225	0.915392697177686
4.0915	9.503	6.79725	0.969994093429751
3.122	9.503	6.3125	0.94474588672567
0.6647	9.503	5.08385	0.939095314771592
0.3441	9.503	4.92355	0.933471483907136
2.588	9.503	6.0455	0.932799155240344
2.542	9.503	6.0225	0.956103728516874
3.49	9.503	6.4965	0.974541600202134
7.1105	9.503	8.30675	0.959070047217673
7.0695	9.503	8.28625	0.955631480207469
6.576	9.503	8.0395	0.955250666258402
5.0125	9.503	7.25775	0.885725804845449
6.2165	9.503	7.85975	0.843978797257602
9.503	12.895	11.199	0.94371639791531
6.3915	9.503	7.94725	0.915651080513895
6.107	7.5525	6.82975	0.808913973391525
7.063	7.5525	7.30775	0.863654500841455
7.5525	12.545	10.04875	0.852631604277827
7.5525	10.78	9.16625	0.89033226981792
7.5525	9.1175	8.335	0.908280117942042
5.9425	7.5525	6.7475	0.900830849961624
5.5715	7.5525	6.562	0.900371818363615
4.514	7.5525	6.03325	0.900517178663487
5.492	7.5525	6.52225	0.901095818643259
3.7675	7.5525	5.66	0.890174948866001
6.2985	7.5525	6.9255	0.926618912695329
7.5525	8.0215	7.787	0.899647541500005
3.6585	7.5525	5.6055	0.872415539467567
2.8325	7.5525	5.1925	0.93563338244371
7.5525	9.6795	8.616	0.914087196737925
7.026	7.5525	7.28925	0.829418633543241
5.8555	7.5525	6.704	0.868379969351796
7.1735	7.5525	7.363	0.891132391275287
7.5525	9.1145	8.3335	0.892385392909273
6.6945	7.5525	7.1235	0.895734368915276
2.3695	7.5525	4.961	0.943707970627215
3.6215	7.5525	5.587	0.899060023865142
4.0915	7.5525	5.822	0.943586532785076
3.122	7.5525	5.33725	0.942699044918924
0.6647	7.5525	4.1086	0.946064966862537
0.3441	7.5525	3.9483	0.9442249026362
2.588	7.5525	5.07025	0.956237070395582
2.542	7.5525	5.04725	0.966739377144782
3.49	7.5525	5.52125	0.959998402804261
7.1105	7.5525	7.3315	0.937774052894455
7.0695	7.5525	7.311	0.962310492680445
6.576	7.5525	7.06425	0.92389901103045
5.0125	7.5525	6.2825	0.916898513549131
6.2165	7.5525	6.8845	0.900763632092805
7.5525	12.895	10.22375	0.898443682236479
6.3915	7.5525	6.972	0.922436337856228
6.107	7.063	6.585	0.875483281131793
6.107	12.545	9.326	0.858347669347169
6.107	10.78	8.4435	0.861299452980352
6.107	9.1175	7.61225	0.880956853813972
5.9425	6.107	6.02475	0.875916186291625
5.5715	6.107	5.83925	0.918239061329035
4.514	6.107	5.3105	0.861404792903934
5.492	6.107	5.7995	0.869224896846476
3.7675	6.107	4.93725	0.853463252124957
6.107	6.2985	6.20275	0.942173397384295
6.107	8.0215	7.06425	0.913041663397271
3.6585	6.107	4.88275	0.869669865975763
2.8325	6.107	4.46975	0.945201707375416
6.107	9.6795	7.89325	0.921871803203161
6.107	7.026	6.5665	0.788977259300493
5.8555	6.107	5.98125	0.860086353889376
6.107	7.1735	6.64025	0.871750364985443
6.107	9.1145	7.61075	0.85771717936748
6.107	6.6945	6.40075	0.893707714489373
2.3695	6.107	4.23825	0.908822942650211
3.6215	6.107	4.86425	0.872446779152095
4.0915	6.107	5.09925	0.948599510776769
3.122	6.107	4.6145	0.919397226728012
0.6647	6.107	3.38585	0.933269559553315
0.3441	6.107	3.22555	0.927258498646962
2.588	6.107	4.3475	0.958959863596813
2.542	6.107	4.3245	0.970134113296187
3.49	6.107	4.7985	0.950462321119139
6.107	7.1105	6.60875	0.943637459581813
6.107	7.0695	6.58825	0.966639266439948
6.107	6.576	6.3415	0.936722568381087
5.0125	6.107	5.55975	0.893231589992488
6.107	6.2165	6.16175	0.838089516544134
6.107	12.895	9.501	0.881847097570867
6.107	6.3915	6.24925	0.887878440070309
7.063	12.545	9.804	0.807606432904706
7.063	10.78	8.9215	0.814734994000321
7.063	9.1175	8.09025	0.848135189895601
5.9425	7.063	6.50275	0.897501585560055
5.5715	7.063	6.31725	0.900975388991886
4.514	7.063	5.7885	0.890525063599591
5.492	7.063	6.2775	0.904855816439443
3.7675	7.063	5.41525	0.869600937848605
6.2985	7.063	6.68075	0.932772088864083
7.063	8.0215	7.54225	0.861693323134421
3.6585	7.063	5.36075	0.869532437036343
2.8325	7.063	4.94775	0.885242387503721
7.063	9.6795	8.37125	0.902675190079989
7.026	7.063	7.0445	0.827175662949145
5.8555	7.063	6.45925	0.889470216012545
7.063	7.1735	7.11825	0.907754109185151
7.063	9.1145	8.08875	0.870386270663469
6.6945	7.063	6.87875	0.888232379569069
2.3695	7.063	4.71625	0.944228266384651
3.6215	7.063	5.34225	0.909448255207126
4.0915	7.063	5.57725	0.953231635999739
3.122	7.063	5.0925	0.944239898742865
0.6647	7.063	3.86385	0.912341882034533
0.3441	7.063	3.70355	0.939986071261582
2.588	7.063	4.8255	0.937512238092143
2.542	7.063	4.8025	0.960925370634398
3.49	7.063	5.2765	0.979150839500213
7.063	7.1105	7.08675	0.960456474457268
7.063	7.0695	7.06625	0.951713643641266
6.576	7.063	6.8195	0.947586412642464
5.0125	7.063	6.03775	0.87358421660926
6.2165	7.063	6.63975	0.903898677004699
7.063	12.895	9.979	0.948681786096788
6.3915	7.063	6.72725	0.938783810017398
10.78	12.545	11.6625	0.818439009910842
9.1175	12.545	10.83125	0.847236816959811
5.9425	12.545	9.24375	0.919772847983976
5.5715	12.545	9.05825	0.921171266971493
4.514	12.545	8.5295	0.871462273418163
5.492	12.545	9.0185	0.893415092071836
3.7675	12.545	8.15625	0.833301332728852
6.2985	12.545	9.42175	0.947344619341368
8.0215	12.545	10.28325	0.890981264298299
3.6585	12.545	8.10175	0.873140034105626
2.8325	12.545	7.68875	0.897093885674324
9.6795	12.545	11.11225	0.893745153682138
7.026	12.545	9.7855	0.841053348262814
5.8555	12.545	9.20025	0.896529777194303
7.1735	12.545	9.85925	0.909119884318661
9.1145	12.545	10.82975	0.849674984322867
6.6945	12.545	9.61975	0.894723103896153
2.3695	12.545	7.45725	0.945695887037874
3.6215	12.545	8.08325	0.920466478048152
4.0915	12.545	8.31825	0.962300832416781
3.122	12.545	7.8335	0.94051000809963
0.6647	12.545	6.60485	0.917480197732364
0.3441	12.545	6.44455	0.938258615321938
2.588	12.545	7.5665	0.93872613011789
2.542	12.545	7.5435	0.960134065910958
3.49	12.545	8.0175	0.981275892671139
7.1105	12.545	9.82775	0.961716972694058
7.0695	12.545	9.80725	0.953960088789174
6.576	12.545	9.5605	0.952121600671999
5.0125	12.545	8.77875	0.885404237291106
6.2165	12.545	9.38075	0.871504739163647
12.545	12.895	12.72	0.946764828620751
6.3915	12.545	9.46825	0.939464859419774
9.1175	10.78	9.94875	0.802058501965731
5.9425	10.78	8.36125	0.898627311009096
5.5715	10.78	8.17575	0.914492554198981
4.514	10.78	7.647	0.865602897857714
5.492	10.78	8.136	0.858451915196527
3.7675	10.78	7.27375	0.840833351375764
6.2985	10.78	8.53925	0.945082594768923
8.0215	10.78	9.40075	0.885615321021948
3.6585	10.78	7.21925	0.865601098442968
2.8325	10.78	6.80625	0.903532837757264
9.6795	10.78	10.22975	0.907520195219798
7.026	10.78	8.903	0.839185023321436
5.8555	10.78	8.31775	0.908226547457827
7.1735	10.78	8.97675	0.918662519476675
9.1145	10.78	9.94725	0.813418692665377
6.6945	10.78	8.73725	0.888156610182982
2.3695	10.78	6.57475	0.932661213524073
3.6215	10.78	7.20075	0.920425610058712
4.0915	10.78	7.43575	0.963413764612799
3.122	10.78	6.951	0.946286364914171
0.6647	10.78	5.72235	0.922019391601929
0.3441	10.78	5.56205	0.922946990496709
2.588	10.78	6.684	0.928151436654973
2.542	10.78	6.661	0.957446515207236
3.49	10.78	7.135	0.978996585521972
7.1105	10.78	8.94525	0.957744540807923
7.0695	10.78	8.92475	0.950201372792642
6.576	10.78	8.678	0.951725467738899
5.0125	10.78	7.89625	0.875013781646148
6.2165	10.78	8.49825	0.85170568717314
10.78	12.895	11.8375	0.945589559550544
6.3915	10.78	8.58575	0.937697354392736
5.9425	9.1175	7.53	0.897805341060375
5.5715	9.1175	7.3445	0.91449342015214
4.514	9.1175	6.81575	0.844695868453662
5.492	9.1175	7.30475	0.877606166869783
3.7675	9.1175	6.4425	0.844391019873825
6.2985	9.1175	7.708	0.948709726577676
8.0215	9.1175	8.5695	0.884918036401532
3.6585	9.1175	6.388	0.882195327624586
2.8325	9.1175	5.975	0.893145789652292
9.1175	9.6795	9.3985	0.913273318307158
7.026	9.1175	8.07175	0.861717816070003
5.8555	9.1175	7.4865	0.910147698564275
7.1735	9.1175	8.1455	0.91805625912857
9.1145	9.1175	9.116	0.840529439215227
6.6945	9.1175	7.906	0.896334742206117
2.3695	9.1175	5.7435	0.940567395179069
3.6215	9.1175	6.3695	0.925666466326732
4.0915	9.1175	6.6045	0.965444328495597
3.122	9.1175	6.11975	0.950864621253508
0.6647	9.1175	4.8911	0.909589928060472
0.3441	9.1175	4.7308	0.92993493343001
2.588	9.1175	5.85275	0.932879981683495
2.542	9.1175	5.82975	0.959576541481359
3.49	9.1175	6.30375	0.973610992142895
7.1105	9.1175	8.114	0.966977532221073
7.0695	9.1175	8.0935	0.94239334023919
6.576	9.1175	7.84675	0.955276248007146
5.0125	9.1175	7.065	0.879374604389621
6.2165	9.1175	7.667	0.819899872790636
9.1175	12.895	11.00625	0.946534451582727
6.3915	9.1175	7.7545	0.924307474906428
5.5715	5.9425	5.757	0.871787179432648
4.514	5.9425	5.22825	0.907090952203441
5.492	5.9425	5.71725	0.900232987838717
3.7675	5.9425	4.855	0.916446168292206
5.9425	6.2985	6.1205	0.926631018367283
5.9425	8.0215	6.982	0.874035534852857
3.6585	5.9425	4.8005	0.861858154909175
2.8325	5.9425	4.3875	0.947974792738551
5.9425	9.6795	7.811	0.939390515528385
5.9425	7.026	6.48425	0.830422429177289
5.8555	5.9425	5.899	0.880493162645108
5.9425	7.1735	6.558	0.888636988134316
5.9425	9.1145	7.5285	0.897445548815836
5.9425	6.6945	6.3185	0.903562333739519
2.3695	5.9425	4.156	0.917981601178866
3.6215	5.9425	4.782	0.882385773554639
4.0915	5.9425	5.017	0.952695965536075
3.122	5.9425	4.53225	0.910458300875729
0.6647	5.9425	3.3036	0.937594771835332
0.3441	5.9425	3.1433	0.931054416443103
2.588	5.9425	4.26525	0.951348742054258
2.542	5.9425	4.24225	0.97547882130876
3.49	5.9425	4.71625	0.955517717885633
5.9425	7.1105	6.5265	0.958894160321829
5.9425	7.0695	6.506	0.967650233848416
5.9425	6.576	6.25925	0.946373559647063
5.0125	5.9425	5.4775	0.922845854137406
5.9425	6.2165	6.0795	0.908805563492807
5.9425	12.895	9.41875	0.926516929041991
5.9425	6.3915	6.167	0.912634822177405
4.514	5.5715	5.04275	0.922338523064716
5.492	5.5715	5.53175	0.928260246521399
3.7675	5.5715	4.6695	0.918192341730986
5.5715	6.2985	5.935	0.932257131058005
5.5715	8.0215	6.7965	0.898905772067043
3.6585	5.5715	4.615	0.891587284929585
2.8325	5.5715	4.202	0.933836170052655
5.5715	9.6795	7.6255	0.921533150251604
5.5715	7.026	6.29875	0.874423265959572
5.5715	5.8555	5.7135	0.912482522738694
5.5715	7.1735	6.3725	0.93204257138342
5.5715	9.1145	7.343	0.92066419048695
5.5715	6.6945	6.133	0.919663135622319
2.3695	5.5715	3.9705	0.942075059913083
3.6215	5.5715	4.5965	0.914045719911558
4.0915	5.5715	4.8315	0.948899764079085
3.122	5.5715	4.34675	0.938840894499488
0.6647	5.5715	3.1181	0.91943729716
0.3441	5.5715	2.9578	0.929974126981452
2.588	5.5715	4.07975	0.925940615880704
2.542	5.5715	4.05675	0.945991418356991
3.49	5.5715	4.53075	0.976001714041308
5.5715	7.1105	6.341	0.937806821658375
5.5715	7.0695	6.3205	0.944338647156612
5.5715	6.576	6.07375	0.94116035443884
5.0125	5.5715	5.292	0.919572762771309
5.5715	6.2165	5.894	0.943862164649411
5.5715	12.895	9.23325	0.951046079955877
5.5715	6.3915	5.9815	0.946402408241942
4.514	5.492	5.003	0.840260994813261
3.7675	4.514	4.14075	0.845497343534089
4.514	6.2985	5.40625	0.951805000096493
4.514	8.0215	6.26775	0.910705905833785
3.6585	4.514	4.08625	0.895184429029929
2.8325	4.514	3.67325	0.940644893430128
4.514	9.6795	7.09675	0.92568753304011
4.514	7.026	5.77	0.84726798674303
4.514	5.8555	5.18475	0.932486083474946
4.514	7.1735	5.84375	0.942993228044369
4.514	9.1145	6.81425	0.853823063793832
4.514	6.6945	5.60425	0.91825013341838
2.3695	4.514	3.44175	0.927894363923171
3.6215	4.514	4.06775	0.919521945416142
4.0915	4.514	4.30275	0.964601050822455
3.122	4.514	3.818	0.932874959330152
0.6647	4.514	2.58935	0.929710120001286
0.3441	4.514	2.42905	0.928955908406021
2.588	4.514	3.551	0.941968197418456
2.542	4.514	3.528	0.955790260195361
3.49	4.514	4.002	0.975730641628346
4.514	7.1105	5.81225	0.962534024399208
4.514	7.0695	5.79175	0.958033626243586
4.514	6.576	5.545	0.956327162747158
4.514	5.0125	4.76325	0.895499575603429
4.514	6.2165	5.36525	0.784637768828779
4.514	12.895	8.7045	0.943201267907693
4.514	6.3915	5.45275	0.907798177048507
3.7675	5.492	4.62975	0.858771553440943
5.492	6.2985	5.89525	0.960501313194807
5.492	8.0215	6.75675	0.915925284767844
3.6585	5.492	4.57525	0.885435227457413
2.8325	5.492	4.16225	0.95474055623443
5.492	9.6795	7.58575	0.935595994590594
5.492	7.026	6.259	0.836614221297523
5.492	5.8555	5.67375	0.932541340291581
5.492	7.1735	6.33275	0.942877019792812
5.492	9.1145	7.30325	0.858954570891773
5.492	6.6945	6.09325	0.913589715620505
2.3695	5.492	3.93075	0.905614158172675
3.6215	5.492	4.55675	0.91493537882324
4.0915	5.492	4.79175	0.964141653996592
3.122	5.492	4.307	0.929971183131429
0.6647	5.492	3.07835	0.940984320628521
0.3441	5.492	2.91805	0.938985794046338
2.588	5.492	4.04	0.956779836490977
2.542	5.492	4.017	0.971558361018908
3.49	5.492	4.491	0.975381303443445
5.492	7.1105	6.30125	0.969083049200436
5.492	7.0695	6.28075	0.967206618453377
5.492	6.576	6.034	0.962224061271769
5.0125	5.492	5.25225	0.903194989775698
5.492	6.2165	5.85425	0.842911293535707
5.492	12.895	9.1935	0.941667245948298
5.492	6.3915	5.94175	0.905163659673955
3.7675	6.2985	5.033	0.959563862297081
3.7675	8.0215	5.8945	0.909990954284374
3.6585	3.7675	3.713	0.894539968416576
2.8325	3.7675	3.3	0.929883182557468
3.7675	9.6795	6.7235	0.906483658008212
3.7675	7.026	5.39675	0.846539202720598
3.7675	5.8555	4.8115	0.924842925501519
3.7675	7.1735	5.4705	0.937817036411292
3.7675	9.1145	6.441	0.831999251794066
3.7675	6.6945	5.231	0.906619108124851
2.3695	3.7675	3.0685	0.936266024194149
3.6215	3.7675	3.6945	0.926797728308086
3.7675	4.0915	3.9295	0.956715477754357
3.122	3.7675	3.44475	0.942384716264839
0.6647	3.7675	2.2161	0.9281568338959
0.3441	3.7675	2.0558	0.926711067415847
2.588	3.7675	3.17775	0.93447585499657
2.542	3.7675	3.15475	0.945551288761114
3.49	3.7675	3.62875	0.976318702859365
3.7675	7.1105	5.439	0.958771934358968
3.7675	7.0695	5.4185	0.959106481563232
3.7675	6.576	5.17175	0.954868990416867
3.7675	5.0125	4.39	0.88266430508669
3.7675	6.2165	4.992	0.854237128403151
3.7675	12.895	8.33125	0.952096626680469
3.7675	6.3915	5.0795	0.921723096212314
6.2985	8.0215	7.16	0.910396757963749
3.6585	6.2985	4.9785	0.913924747526265
2.8325	6.2985	4.5655	0.930942966114674
6.2985	9.6795	7.989	0.915962583255663
6.2985	7.026	6.66225	0.908655674312222
5.8555	6.2985	6.077	0.932586623106359
6.2985	7.1735	6.736	0.931560099614522
6.2985	9.1145	7.7065	0.956892210797796
6.2985	6.6945	6.4965	0.922746654913468
2.3695	6.2985	4.334	0.958101305738797
3.6215	6.2985	4.96	0.913523363301399
4.0915	6.2985	5.195	0.932575789332165
3.122	6.2985	4.71025	0.949738221207579
0.6647	6.2985	3.4816	0.949947753200857
0.3441	6.2985	3.3213	0.965230192075345
2.588	6.2985	4.44325	0.953865638757078
2.542	6.2985	4.42025	0.958220999944346
3.49	6.2985	4.89425	0.975173993949291
6.2985	7.1105	6.7045	0.927232472936016
6.2985	7.0695	6.684	0.94825987231622
6.2985	6.576	6.43725	0.898111195507796
5.0125	6.2985	5.6555	0.956212085510004
6.2165	6.2985	6.2575	0.9616777796402
6.2985	12.895	9.59675	0.947608783108115
6.2985	6.3915	6.345	0.965604111955899
3.6585	8.0215	5.84	0.791177032190117
2.8325	8.0215	5.427	0.922601533599279
8.0215	9.6795	8.8505	0.910911220435845
7.026	8.0215	7.52375	0.836060713752223
5.8555	8.0215	6.9385	0.892401230609553
7.1735	8.0215	7.5975	0.89793503319039
8.0215	9.1145	8.568	0.909829359257361
6.6945	8.0215	7.358	0.879079949865814
2.3695	8.0215	5.1955	0.934044211798929
3.6215	8.0215	5.8215	0.89756985730308
4.0915	8.0215	6.0565	0.948037603385944
3.122	8.0215	5.57175	0.939164670901554
0.6647	8.0215	4.3431	0.919410704867693
0.3441	8.0215	4.1828	0.935349519732894
2.588	8.0215	5.30475	0.958003331556834
2.542	8.0215	5.28175	0.969495870796595
3.49	8.0215	5.75575	0.976631766591281
7.1105	8.0215	7.566	0.956422902487304
7.0695	8.0215	7.5455	0.958231514979765
6.576	8.0215	7.29875	0.937397940367568
5.0125	8.0215	6.517	0.89940207106957
6.2165	8.0215	7.119	0.921499478289789
8.0215	12.895	10.45825	0.938547536459725
6.3915	8.0215	7.2065	0.949550211151595
2.8325	3.6585	3.2455	0.925724933799931
3.6585	9.6795	6.669	0.899220741803958
3.6585	7.026	5.34225	0.828676812547595
3.6585	5.8555	4.757	0.886094469294337
3.6585	7.1735	5.416	0.893822498488721
3.6585	9.1145	6.3865	0.875305165916719
3.6585	6.6945	5.1765	0.872243436723701
2.3695	3.6585	3.014	0.924942062522113
3.6215	3.6585	3.64	0.880100272612149
3.6585	4.0915	3.875	0.945001496286963
3.122	3.6585	3.39025	0.92780185252462
0.6647	3.6585	2.1616	0.904607850127551
0.3441	3.6585	2.0013	0.923173352741292
2.588	3.6585	3.12325	0.943791962075035
2.542	3.6585	3.10025	0.965541481200179
3.49	3.6585	3.57425	0.973125097410856
3.6585	7.1105	5.3845	0.94960526313461
3.6585	7.0695	5.364	0.955400296285108
3.6585	6.576	5.11725	0.927832847140566
3.6585	5.0125	4.3355	0.894743390087306
3.6585	6.2165	4.9375	0.895454290515631
3.6585	12.895	8.27675	0.927506129619847
3.6585	6.3915	5.025	0.936270080571634
2.8325	9.6795	6.256	0.913104930012604
2.8325	7.026	4.92925	0.929708228273347
2.8325	5.8555	4.344	0.945939916053437
2.8325	7.1735	5.003	0.948659958546877
2.8325	9.1145	5.9735	0.917402526183938
2.8325	6.6945	4.7635	0.923739503890685
2.3695	2.8325	2.601	0.971802266936492
2.8325	3.6215	3.227	0.935436996456378
2.8325	4.0915	3.462	0.956550699202869
2.8325	3.122	2.97725	0.969038908616213
0.6647	2.8325	1.7486	0.933703107815754
0.3441	2.8325	1.5883	0.953553013417027
2.588	2.8325	2.71025	0.933770625031498
2.542	2.8325	2.68725	0.959576986165083
2.8325	3.49	3.16125	0.987512750867174
2.8325	7.1105	4.9715	0.944612726783197
2.8325	7.0695	4.951	0.928436692956863
2.8325	6.576	4.70425	0.931100891941161
2.8325	5.0125	3.9225	0.93850228777181
2.8325	6.2165	4.5245	0.946920087911503
2.8325	12.895	7.86375	0.965542545369228
2.8325	6.3915	4.612	0.973337898713626
7.026	9.6795	8.35275	0.904118238675011
5.8555	9.6795	7.7675	0.946065404288711
7.1735	9.6795	8.4265	0.949164335398266
9.1145	9.6795	9.397	0.910681307233522
6.6945	9.6795	8.187	0.921377354577818
2.3695	9.6795	6.0245	0.958129611443613
3.6215	9.6795	6.6505	0.927913898366931
4.0915	9.6795	6.8855	0.951249236745346
3.122	9.6795	6.40075	0.961120611688628
0.6647	9.6795	5.1721	0.949911771690205
0.3441	9.6795	5.0118	0.960597935873788
2.588	9.6795	6.13375	0.932523579526122
2.542	9.6795	6.11075	0.951963415477618
3.49	9.6795	6.58475	0.977418369471477
7.1105	9.6795	8.395	0.939432288380729
7.0695	9.6795	8.3745	0.936562816380912
6.576	9.6795	8.12775	0.921282063385557
5.0125	9.6795	7.346	0.932488574710792
6.2165	9.6795	7.948	0.923128872033471
9.6795	12.895	11.28725	0.958560096738899
6.3915	9.6795	8.0355	0.958077045854423
5.8555	7.026	6.44075	0.862787118417189
7.026	7.1735	7.09975	0.880627435479938
7.026	9.1145	8.07025	0.856606468032225
6.6945	7.026	6.86025	0.863808300077775
2.3695	7.026	4.69775	0.90857186323021
3.6215	7.026	5.32375	0.860652550607286
4.0915	7.026	5.55875	0.941858532868031
3.122	7.026	5.074	0.914449515857519
0.6647	7.026	3.84535	0.918016299364826
0.3441	7.026	3.68505	0.920518898221722
2.588	7.026	4.807	0.953197908913799
2.542	7.026	4.784	0.96962202177087
3.49	7.026	5.258	0.967016234009699
7.026	7.1105	7.06825	0.953719459898194
7.026	7.0695	7.04775	0.962891346529626
6.576	7.026	6.801	0.936897224942899
5.0125	7.026	6.01925	0.874701129955039
6.2165	7.026	6.62125	0.856277030250517
7.026	12.895	9.9605	0.922880945657158
6.3915	7.026	6.70875	0.905088919590127
5.8555	7.1735	6.5145	0.539597244073474
5.8555	9.1145	7.485	0.935528230997871
5.8555	6.6945	6.275	0.88683684147586
2.3695	5.8555	4.1125	0.933733295237904
3.6215	5.8555	4.7385	0.87827305156466
4.0915	5.8555	4.9735	0.940138067130147
3.122	5.8555	4.48875	0.935729238572483
0.6647	5.8555	3.2601	0.943486529439885
0.3441	5.8555	3.0998	0.951539209042726
2.588	5.8555	4.22175	0.972562500484673
2.542	5.8555	4.19875	0.982072761675157
3.49	5.8555	4.67275	0.970869595368891
5.8555	7.1105	6.483	0.937385749553222
5.8555	7.0695	6.4625	0.97793848329789
5.8555	6.576	6.21575	0.909606356736698
5.0125	5.8555	5.434	0.908388736647712
5.8555	6.2165	6.036	0.939653096344549
5.8555	12.895	9.37525	0.864114568106927
5.8555	6.3915	6.1235	0.94415685047833
7.1735	9.1145	8.144	0.937884354378145
6.6945	7.1735	6.934	0.910381012325531
2.3695	7.1735	4.7715	0.943161033641174
3.6215	7.1735	5.3975	0.894645228341065
4.0915	7.1735	5.6325	0.942512629499347
3.122	7.1735	5.14775	0.949424872083868
0.6647	7.1735	3.9191	0.953932875578437
0.3441	7.1735	3.7588	0.961149010617556
2.588	7.1735	4.88075	0.978322809918906
2.542	7.1735	4.85775	0.984513746235637
3.49	7.1735	5.33175	0.975070452534591
7.1105	7.1735	7.142	0.94154398559158
7.0695	7.1735	7.1215	0.980203199955519
6.576	7.1735	6.87475	0.908967698546384
5.0125	7.1735	6.093	0.920273953801601
6.2165	7.1735	6.695	0.945481534660087
7.1735	12.895	10.03425	0.873775468068948
6.3915	7.1735	6.7825	0.950563148102209
6.6945	9.1145	7.9045	0.915362254922499
2.3695	9.1145	5.742	0.938645726304077
3.6215	9.1145	6.368	0.930082803461116
4.0915	9.1145	6.603	0.96865144223498
3.122	9.1145	6.11825	0.939349733944805
0.6647	9.1145	4.8896	0.917781765284322
0.3441	9.1145	4.7293	0.921056848145616
2.588	9.1145	5.85125	0.922237946071486
2.542	9.1145	5.82825	0.945613303042724
3.49	9.1145	6.30225	0.978078510740261
7.1105	9.1145	8.1125	0.961965653402418
7.0695	9.1145	8.092	0.946529143125151
6.576	9.1145	7.84525	0.953842417447664
5.0125	9.1145	7.0635	0.891967280290224
6.2165	9.1145	7.6655	0.833699614575425
9.1145	12.895	11.00475	0.956431255921698
6.3915	9.1145	7.753	0.937446368794427
2.3695	6.6945	4.532	0.907791327780184
3.6215	6.6945	5.158	0.859798602480496
4.0915	6.6945	5.393	0.942083522607747
3.122	6.6945	4.90825	0.925053564846502
0.6647	6.6945	3.6796	0.93519541201975
0.3441	6.6945	3.5193	0.928384860007363
2.588	6.6945	4.64125	0.949291151181555
2.542	6.6945	4.61825	0.96140554692216
3.49	6.6945	5.09225	0.980759734100984
6.6945	7.1105	6.9025	0.95007213136878
6.6945	7.0695	6.882	0.954623941090452
6.576	6.6945	6.63525	0.938128159640858
5.0125	6.6945	5.8535	0.905679490879198
6.2165	6.6945	6.4555	0.924945297606368
6.6945	12.895	9.79475	0.935500174617067
6.3915	6.6945	6.543	0.934556960192536
2.3695	3.6215	2.9955	0.900252845625508
2.3695	4.0915	3.2305	0.949508643541031
2.3695	3.122	2.74575	0.902173172715193
0.6647	2.3695	1.5171	0.950532235458023
0.3441	2.3695	1.3568	0.952446710219439
2.3695	2.588	2.47875	0.971226855949458
2.3695	2.542	2.45575	0.975024864644602
2.3695	3.49	2.92975	0.982133658481975
2.3695	7.1105	4.74	0.973589139468508
2.3695	7.0695	4.7195	0.974787248823059
2.3695	6.576	4.47275	0.965603578550901
2.3695	5.0125	3.691	0.933020827121621
2.3695	6.2165	4.293	0.936271818172601
2.3695	12.895	7.63225	0.949632273404986
2.3695	6.3915	4.3805	0.923101722841678
3.6215	4.0915	3.8565	0.897572614758066
3.122	3.6215	3.37175	0.875069867637972
0.6647	3.6215	2.1431	0.945828667826807
0.3441	3.6215	1.9828	0.946508043034531
2.588	3.6215	3.10475	0.954261257953091
2.542	3.6215	3.08175	0.96591302225508
3.49	3.6215	3.55575	0.95809453545856
3.6215	7.1105	5.366	0.927244125168125
3.6215	7.0695	5.3455	0.956423367925752
3.6215	6.576	5.09875	0.898206149921967
3.6215	5.0125	4.317	0.931630467558573
3.6215	6.2165	4.919	0.928272213447215
3.6215	12.895	8.25825	0.89552082580032
3.6215	6.3915	5.0065	0.929758220373088
3.122	4.0915	3.60675	0.939447274921481
0.6647	4.0915	2.3781	0.965668800500154
0.3441	4.0915	2.2178	0.955435398792941
2.588	4.0915	3.33975	0.961078999715756
2.542	4.0915	3.31675	0.969703897640996
3.49	4.0915	3.79075	0.956758429930405
4.0915	7.1105	5.601	0.934457487544752
4.0915	7.0695	5.5805	0.965226398693413
4.0915	6.576	5.33375	0.92664844736753
4.0915	5.0125	4.552	0.961806098409446
4.0915	6.2165	5.154	0.965008591252779
4.0915	12.895	8.49325	0.948481926494066
4.0915	6.3915	5.2415	0.966455405284734
0.6647	3.122	1.89335	0.957024041230886
0.3441	3.122	1.73305	0.951077851463522
2.588	3.122	2.855	0.950101276466853
2.542	3.122	2.832	0.964896256465773
3.122	3.49	3.306	0.96666123686239
3.122	7.1105	5.11625	0.940721126968278
3.122	7.0695	5.09575	0.970519975312873
3.122	6.576	4.849	0.935483915570475
3.122	5.0125	4.06725	0.945115476015522
3.122	6.2165	4.66925	0.945475257559775
3.122	12.895	8.0085	0.947439126641271
3.122	6.3915	4.75675	0.933963265627108
0.3441	0.6647	0.5044	0.875195669345827
0.6647	2.588	1.62635	0.941556014833176
0.6647	2.542	1.60335	0.965165892381708
0.6647	3.49	2.07735	0.987872984308227
0.6647	7.1105	3.8876	0.97337309976075
0.6647	7.0695	3.8671	0.938551866004529
0.6647	6.576	3.62035	0.958578863382828
0.6647	5.0125	2.8386	0.937984081897663
0.6647	6.2165	3.4406	0.948447111306145
0.6647	12.895	6.77985	0.969660040526382
0.6647	6.3915	3.5281	0.971117806861773
0.3441	2.588	1.46605	0.933174269724458
0.3441	2.542	1.44305	0.958356079092938
0.3441	3.49	1.91705	0.979345103000247
0.3441	7.1105	3.7273	0.9631495598702
0.3441	7.0695	3.7068	0.931977514787348
0.3441	6.576	3.46005	0.968789113584958
0.3441	5.0125	2.6783	0.9481435949053
0.3441	6.2165	3.2803	0.951989975785712
0.3441	12.895	6.61955	0.973807011177987
0.3441	6.3915	3.3678	0.968304319103576
2.542	2.588	2.565	0.903767419530827
2.588	3.49	3.039	0.977286399628036
2.588	7.1105	4.84925	0.938794186656098
2.588	7.0695	4.82875	0.904691920251044
2.588	6.576	4.582	0.948066029179448
2.588	5.0125	3.80025	0.945726382292724
2.588	6.2165	4.40225	0.951091337218053
2.588	12.895	7.7415	0.979381911030253
2.588	6.3915	4.48975	0.971481267824952
2.542	3.49	3.016	0.977974431087717
2.542	7.1105	4.82625	0.945841425500007
2.542	7.0695	4.80575	0.904112560076448
2.542	6.576	4.559	0.952404877779956
2.542	5.0125	3.77725	0.967531555036553
2.542	6.2165	4.37925	0.960654253660425
2.542	12.895	7.7185	0.984250361729312
2.542	6.3915	4.46675	0.975641274640843
3.49	7.1105	5.30025	0.962555393650955
3.49	7.0695	5.27975	0.978598892954365
3.49	6.576	5.033	0.965624468451865
3.49	5.0125	4.25125	0.978363096652899
3.49	6.2165	4.85325	0.970983572188173
3.49	12.895	8.1925	0.917349160665577
3.49	6.3915	4.94075	0.953171561137325
7.0695	7.1105	7.09	0.943245773931397
6.576	7.1105	6.84325	0.848163066161005
5.0125	7.1105	6.0615	0.96306809130714
6.2165	7.1105	6.6635	0.962708264136663
7.1105	12.895	10.00275	0.932145415442825
6.3915	7.1105	6.751	0.970522824038974
6.576	7.0695	6.82275	0.951355696489376
5.0125	7.0695	6.041	0.956130742133269
6.2165	7.0695	6.643	0.96233005581375
7.0695	12.895	9.98225	0.980653785867809
6.3915	7.0695	6.7305	0.977514459907996
5.0125	6.576	5.79425	0.958814855626319
6.2165	6.576	6.39625	0.954676686490277
6.576	12.895	9.7355	0.89873428281493
6.3915	6.576	6.48375	0.959750248137345
5.0125	6.2165	5.6145	0.899757543624685
5.0125	12.895	8.95375	0.951559904018724
5.0125	6.3915	5.702	0.93516612551289
6.2165	12.895	9.55575	0.92565121537485
6.2165	6.3915	6.304	0.897127035421639
6.3915	12.895	9.64325	0.92053858304752
